-- phpMyAdmin SQL Dump
-- version 5.2.1
-- https://www.phpmyadmin.net/
--
-- Servidor: 127.0.0.1
-- Tiempo de generación: 31-05-2025 a las 10:27:12
-- Versión del servidor: 10.4.32-MariaDB
-- Versión de PHP: 8.0.30

SET SQL_MODE = "NO_AUTO_VALUE_ON_ZERO";
START TRANSACTION;
SET time_zone = "+00:00";


/*!40101 SET @OLD_CHARACTER_SET_CLIENT=@@CHARACTER_SET_CLIENT */;
/*!40101 SET @OLD_CHARACTER_SET_RESULTS=@@CHARACTER_SET_RESULTS */;
/*!40101 SET @OLD_COLLATION_CONNECTION=@@COLLATION_CONNECTION */;
/*!40101 SET NAMES utf8mb4 */;

--
-- Base de datos: `tfg_alejandria`
--
USE alejandria;

-- --------------------------------------------------------

--
-- Estructura de tabla para la tabla `authors`
--

CREATE TABLE `authors` (
  `id` int(11) NOT NULL,
  `name` varchar(50) NOT NULL,
  `biography` text NOT NULL,
  `profile_img` varchar(255) NOT NULL,
  `id_user` int(11) DEFAULT NULL
) ENGINE=InnoDB DEFAULT CHARSET=utf8mb4 COLLATE=utf8mb4_general_ci;

--
-- Volcado de datos para la tabla `authors`
--

INSERT INTO `authors` (`id`, `name`, `biography`, `profile_img`, `id_user`) VALUES
(2, 'Anónimo', 'Este autor engloba todas las obras cuyo creador es desconocido.', 'uploads/authors/author_6834c9c4b029d0.16684350.jpg', NULL),
(3, 'J.R.R. Tolkien', 'Filólogo y escritor británico, conocido por \"El Hobbit\" y \"El Señor de los Anillos\", pilares de la alta fantasía.', 'assets/img/default_perfil.jpg', NULL),
(4, 'George R.R. Martin', 'Escritor estadounidense de literatura fantástica, ciencia ficción y terror, famoso por \"Canción de Hielo y Fuego\".', 'assets/img/default_perfil.jpg', NULL),
(5, 'Isaac Asimov', 'Escritor y profesor de bioquímica ruso-estadounidense, célebre por sus obras de ciencia ficción y divulgación científica.', 'assets/img/default_perfil.jpg', NULL),
(6, 'Arthur C. Clarke', 'Escritor y científico británico, autor de obras de ciencia ficción como \"2001: Una odisea espacial\".', 'assets/img/default_perfil.jpg', NULL),
(7, 'Agatha Christie', 'Escritora británica de novelas de misterio, creadora de Hércules Poirot y Miss Marple.', 'assets/img/default_perfil.jpg', NULL),
(8, 'Stephen King', 'Escritor estadounidense de novelas de terror, suspenso, ciencia ficción y fantasía, conocido como el \"Rey del Terror\".', 'assets/img/default_perfil.jpg', NULL),
(9, 'Jane Austen', 'Novelista británica cuyos libros, como \"Orgullo y Prejuicio\", exploran la sociedad y el romance de su época.', 'assets/img/default_perfil.jpg', NULL),
(10, 'Gabriel García Márquez', 'Escritor colombiano, figura central del realismo mágico, autor de \"Cien años de soledad\".', 'assets/img/default_perfil.jpg', NULL),
(11, 'Edgar Allan Poe', 'Escritor, poeta y crítico estadounidense, maestro del relato corto, el terror gótico y el misterio.', 'assets/img/default_perfil.jpg', NULL),
(12, 'William Shakespeare', 'Dramaturgo, poeta y actor inglés, considerado el escritor más importante en lengua inglesa.', 'assets/img/default_perfil.jpg', NULL),
(13, 'Ursula K. Le Guin', 'Escritora estadounidense, conocida por sus obras de ciencia ficción y fantasía con profundos temas sociales y filosóficos.', 'assets/img/default_perfil.jpg', NULL),
(14, 'Philip K. Dick', 'Escritor estadounidense de ciencia ficción, cuyas obras exploran la naturaleza de la realidad y la humanidad.', 'assets/img/default_perfil.jpg', NULL),
(15, 'Frank Herbert', 'Autor estadounidense de ciencia ficción, famoso por su novela \"Dune\" y sus secuelas.', 'assets/img/default_perfil.jpg', NULL),
(16, 'Arthur Conan Doyle', 'Escritor y médico británico, creador del icónico detective Sherlock Holmes.', 'assets/img/default_perfil.jpg', NULL),
(17, 'H.P. Lovecraft', 'Escritor estadounidense, innovador de los cuentos de terror cósmico y horror.', 'assets/img/default_perfil.jpg', NULL),
(18, 'Bram Stoker', 'Novelista y escritor irlandés, conocido mundialmente por su novela gótica \"Drácula\".', 'assets/img/default_perfil.jpg', NULL),
(19, 'Mary Shelley', 'Escritora inglesa, autora de \"Frankenstein\", una obra pionera de la ciencia ficción y el terror gótico.', 'assets/img/default_perfil.jpg', NULL),
(20, 'J.K. Rowling', 'Escritora británica, autora de la popular serie de fantasía juvenil \"Harry Potter\".', 'assets/img/default_perfil.jpg', NULL),
(21, 'Neil Gaiman', 'Autor inglés de cómics, novelas gráficas, fantasía urbana y oscura, como \"Sandman\" y \"American Gods\".', 'assets/img/default_perfil.jpg', NULL),
(22, 'Brandon Sanderson', 'Escritor estadounidense de alta fantasía y ciencia ficción, conocido por el \"Cosmere\".', 'assets/img/default_perfil.jpg', NULL),
(23, 'Patrick Rothfuss', 'Escritor estadounidense de fantasía, autor de la serie \"Crónica del Asesino de Reyes\".', 'assets/img/default_perfil.jpg', NULL),
(24, 'Ken Follett', 'Escritor británico de thrillers y novelas históricas, como \"Los pilares de la Tierra\".', 'assets/img/default_perfil.jpg', NULL),
(25, 'Isabel Allende', 'Escritora chilena, cuyas obras a menudo contienen aspectos del realismo mágico y la historia familiar.', 'assets/img/default_perfil.jpg', NULL),
(26, 'Haruki Murakami', 'Escritor japonés, conocido por sus novelas surrealistas que exploran la soledad y la alienación.', 'assets/img/default_perfil.jpg', NULL),
(27, 'Julio Verne', 'Escritor francés de novelas de aventuras y ciencia ficción, como \"Veinte mil leguas de viaje submarino\".', 'assets/img/default_perfil.jpg', NULL),
(28, 'H.G. Wells', 'Escritor inglés, pionero de la ciencia ficción con obras como \"La guerra de los mundos\" y \"La máquina del tiempo\".', 'assets/img/default_perfil.jpg', NULL),
(29, 'Charles Dickens', 'Escritor inglés, maestro de la narrativa y crítico social, autor de \"Oliver Twist\" y \"Cuento de Navidad\".', 'assets/img/default_perfil.jpg', NULL),
(30, 'Lev Tolstoi', 'Escritor ruso, referente del realismo literario con obras como \"Guerra y Paz\" y \"Anna Karénina\".', 'assets/img/default_perfil.jpg', NULL),
(31, 'Fyodor Dostoevsky', 'Novelista ruso, cuyas obras exploran la psicología humana en contextos sociales y espirituales complejos.', 'assets/img/default_perfil.jpg', NULL),
(32, 'Virginia Woolf', 'Escritora británica modernista, conocida por sus novelas introspectivas y ensayos feministas.', 'assets/img/default_perfil.jpg', NULL),
(33, 'Ernest Hemingway', 'Escritor y periodista estadounidense, conocido por su estilo conciso y sus historias de aventura y pérdida.', 'assets/img/default_perfil.jpg', NULL),
(34, 'Franz Kafka', 'Escritor bohemio en lengua alemana, cuyas obras exploran la alienación y lo absurdo de la burocracia.', 'assets/img/default_perfil.jpg', NULL),
(35, 'George Orwell', 'Escritor y periodista británico, autor de distopías críticas como \"1984\" y \"Rebelión en la granja\".', 'assets/img/default_perfil.jpg', NULL),
(36, 'Aldous Huxley', 'Escritor y filósofo británico, conocido por su novela distópica \"Un mundo feliz\".', 'assets/img/default_perfil.jpg', NULL),
(37, 'Ray Bradbury', 'Escritor estadounidense de ciencia ficción, fantasía y misterio, autor de \"Fahrenheit 451\" y \"Crónicas marcianas\".', 'assets/img/default_perfil.jpg', NULL),
(38, 'William Gibson', 'Escritor estadounidense-canadiense, considerado el padre del subgénero cyberpunk con \"Neuromante\".', 'assets/img/default_perfil.jpg', NULL),
(39, 'Terry Pratchett', 'Escritor británico de fantasía humorística y satírica, creador del \"Mundodisco\".', 'assets/img/default_perfil.jpg', NULL),
(40, 'Douglas Adams', 'Escritor y humorista británico, famoso por \"Guía del autoestopista galáctico\".', 'assets/img/default_perfil.jpg', NULL),
(41, 'Suzanne Collins', 'Escritora estadounidense, conocida por la serie distópica juvenil \"Los Juegos del Hambre\".', 'assets/img/default_perfil.jpg', NULL),
(42, 'Veronica Roth', 'Autora estadounidense, conocida por la trilogía distópica juvenil \"Divergente\".', 'assets/img/default_perfil.jpg', NULL),
(43, 'Cassandra Clare', 'Escritora estadounidense de fantasía juvenil, autora de la serie \"Cazadores de Sombras\".', 'assets/img/default_perfil.jpg', NULL),
(44, 'Rick Riordan', 'Escritor estadounidense, conocido por la serie de fantasía juvenil \"Percy Jackson y los dioses del Olimpo\".', 'assets/img/default_perfil.jpg', NULL),
(45, 'Nora Roberts', 'Prolífica escritora estadounidense de novelas románticas y de suspenso romántico.', 'assets/img/default_perfil.jpg', NULL),
(46, 'Julia Quinn', 'Autora estadounidense de novelas románticas históricas, creadora de la serie \"Bridgerton\".', 'assets/img/default_perfil.jpg', NULL),
(47, 'Diana Gabaldon', 'Escritora estadounidense, autora de la saga de novelas históricas y de romance \"Outlander\".', 'assets/img/default_perfil.jpg', NULL),
(48, 'Gillian Flynn', 'Escritora estadounidense de thrillers psicológicos, como \"Perdida\" y \"Heridas abiertas\".', 'assets/img/default_perfil.jpg', NULL),
(49, 'Stieg Larsson', 'Periodista y escritor sueco, autor póstumo de la trilogía de misterio \"Millennium\".', 'assets/img/default_perfil.jpg', NULL),
(50, 'Jo Nesbø', 'Músico y escritor noruego, conocido por sus novelas policíacas protagonizadas por el detective Harry Hole.', 'assets/img/default_perfil.jpg', NULL),
(51, 'Carl Sagan', 'Astrónomo y divulgador científico estadounidense, autor de \"Cosmos\" y \"Contacto\".', 'assets/img/default_perfil.jpg', NULL),
(52, 'Stephen Hawking', 'Físico teórico y cosmólogo británico, conocido por sus trabajos sobre agujeros negros y la divulgación científica.', 'assets/img/default_perfil.jpg', NULL),
(53, 'Yuval Noah Harari', 'Historiador y escritor israelí, autor de bestsellers de no ficción como \"Sapiens\" y \"Homo Deus\".', 'assets/img/default_perfil.jpg', NULL),
(54, 'Platón', 'Filósofo griego clásico, cuyas obras sentaron las bases del pensamiento occidental.', 'assets/img/default_perfil.jpg', NULL),
(55, 'Aristóteles', 'Filósofo y científico de la Antigua Grecia, su influencia se extiende por múltiples disciplinas.', 'assets/img/default_perfil.jpg', NULL),
(56, 'Simone de Beauvoir', 'Filósofa, escritora y feminista francesa, autora de \"El segundo sexo\".', 'assets/img/default_perfil.jpg', NULL),
(57, 'Sun Tzu', 'General y estratega chino, autor de \"El arte de la guerra\".', 'assets/img/default_perfil.jpg', NULL),
(58, 'Maquiavelo', 'Diplomático y filósofo político italiano del Renacimiento, autor de \"El Príncipe\".', 'assets/img/default_perfil.jpg', NULL),
(59, 'Elena Ferrante', 'Seudónimo de una novelista italiana contemporánea, conocida por la saga \"Dos amigas\".', 'assets/img/default_perfil.jpg', NULL),
(60, 'Margaret Atwood', 'Escritora canadiense de ficción especulativa y distópica, autora de \"El cuento de la criada\".', 'assets/img/default_perfil.jpg', NULL),
(61, 'Kazuo Ishiguro', 'Escritor británico de origen japonés, conocido por novelas como \"Lo que queda del día\" y \"Nunca me abandones\".', 'assets/img/default_perfil.jpg', NULL),
(62, 'Chimamanda Ngozi Adichie', 'Escritora nigeriana, cuyas obras exploran temas de feminismo, identidad y cultura.', 'assets/img/default_perfil.jpg', NULL),
(63, 'Mario Vargas Llosa', 'Escritor peruano, figura destacada de la literatura latinoamericana contemporánea.', 'assets/img/default_perfil.jpg', NULL),
(64, 'Carlos Ruiz Zafón', 'Escritor español, autor de la tetralogía \"El Cementerio de los Libros Olvidados\".', 'assets/img/default_perfil.jpg', NULL),
(65, 'Laura Gallego García', 'Escritora española de literatura juvenil, especialmente de fantasía.', 'assets/img/default_perfil.jpg', NULL),
(66, 'Javier Sierra', 'Escritor español conocido por sus novelas de misterio histórico y enigmas.', 'assets/img/default_perfil.jpg', NULL),
(67, 'Arturo Pérez-Reverte', 'Escritor y periodista español, autor de novelas históricas, de aventuras y thrillers.', 'assets/img/default_perfil.jpg', NULL),
(68, 'Fernando Pessoa', 'Poeta y escritor portugués, una de las figuras literarias más importantes del siglo XX.', 'assets/img/default_perfil.jpg', NULL),
(69, 'Pablo Neruda', 'Poeta chileno, ganador del Premio Nobel, conocido por su lírica amorosa y social.', 'assets/img/default_perfil.jpg', NULL),
(70, 'Federico García Lorca', 'Poeta y dramaturgo español, figura central de la Generación del 27.', 'assets/img/default_perfil.jpg', NULL),
(71, 'Emily Dickinson', 'Poetisa estadounidense, cuya obra introspectiva y original fue reconocida póstumamente.', 'assets/img/default_perfil.jpg', NULL),
(72, 'Jorge Luis Borges', 'Escritor argentino, conocido por sus cuentos, ensayos y poemas de naturaleza fantástica y filosófica.', 'assets/img/default_perfil.jpg', NULL),
(73, 'Julio Cortázar', 'Escritor argentino, maestro del relato corto y la experimentación narrativa.', 'assets/img/default_perfil.jpg', NULL),
(74, 'Homero', 'Poeta épico de la Antigua Grecia, a quien se atribuyen \"La Ilíada\" y \"La Odisea\".', 'assets/img/default_perfil.jpg', NULL),
(75, 'Virgilio', 'Poeta romano, autor de \"La Eneida\", épica fundamental de la literatura latina.', 'assets/img/default_perfil.jpg', NULL),
(76, 'Dante Alighieri', 'Poeta italiano, autor de \"La Divina Comedia\", obra cumbre de la literatura medieval.', 'assets/img/default_perfil.jpg', NULL),
(77, 'Miguel de Cervantes', 'Escritor español, autor de \"Don Quijote de la Mancha\", considerada la primera novela moderna.', 'assets/img/default_perfil.jpg', NULL),
(79, 'Victor Hugo', 'Novelista, poeta y dramaturgo francés del Romanticismo, autor de \"Los Miserables\" y \"Nuestra Señora de París\".', 'assets/img/default_perfil.jpg', NULL),
(80, 'Alexandre Dumas', 'Escritor francés, conocido por sus novelas de aventuras históricas como \"Los tres mosqueteros\" y \"El conde de Montecristo\".', 'assets/img/default_perfil.jpg', NULL),
(81, 'Mark Twain', 'Escritor y humorista estadounidense, autor de \"Las aventuras de Tom Sawyer\" y \"Las aventuras de Huckleberry Finn\".', 'assets/img/default_perfil.jpg', NULL),
(82, 'Oscar Wilde', 'Escritor, poeta y dramaturgo irlandés, conocido por su ingenio y obras como \"El retrato de Dorian Gray\".', 'assets/img/default_perfil.jpg', NULL),
(83, 'Lewis Carroll', 'Seudónimo de Charles Lutwidge Dodgson, matemático y escritor inglés, autor de \"Alicia en el país de las maravillas\".', 'assets/img/default_perfil.jpg', NULL),
(84, 'Roald Dahl', 'Escritor británico de literatura infantil y juvenil, con un humor oscuro característico.', 'assets/img/default_perfil.jpg', NULL),
(85, 'Antoine de Saint-Exupéry', 'Escritor y aviador francés, autor de \"El Principito\".', 'assets/img/default_perfil.jpg', NULL),
(86, 'Clive Staples Lewis', 'Escritor y académico británico, conocido por \"Las Crónicas de Narnia\" y obras de apologética cristiana.', 'assets/img/default_perfil.jpg', NULL),
(87, 'Ayn Rand', 'Filósofa y escritora ruso-estadounidense, defensora del objetivismo, autora de \"La rebelión de Atlas\".', 'assets/img/default_perfil.jpg', NULL),
(88, 'John Steinbeck', 'Escritor estadounidense, ganador del Nobel, conocido por obras como \"Las uvas de la ira\" y \"De ratones y hombres\".', 'assets/img/default_perfil.jpg', NULL),
(89, 'F. Scott Fitzgerald', 'Escritor estadounidense de la \"Era del Jazz\", autor de \"El gran Gatsby\".', 'assets/img/default_perfil.jpg', NULL),
(90, 'Truman Capote', 'Escritor estadounidense, conocido por \"A sangre fría\", pionero de la novela de no ficción.', 'assets/img/default_perfil.jpg', NULL),
(91, 'Harper Lee', 'Escritora estadounidense, autora de la aclamada novela \"Matar un ruiseñor\".', 'assets/img/default_perfil.jpg', NULL),
(92, 'Sylvia Plath', 'Poetisa y novelista estadounidense, figura importante de la poesía confesional.', 'assets/img/default_perfil.jpg', NULL),
(93, 'James Joyce', 'Escritor irlandés modernista, conocido por \"Ulises\" y \"Dublineses\".', 'assets/img/default_perfil.jpg', NULL),
(94, 'Albert Camus', 'Filósofo y escritor francés, exponente del existencialismo, autor de \"El extranjero\" y \"La peste\".', 'assets/img/default_perfil.jpg', NULL),
(95, 'Jean-Paul Sartre', 'Filósofo y escritor francés, figura clave del existencialismo y el marxismo humanista.', 'assets/img/default_perfil.jpg', NULL),
(96, 'Hermann Hesse', 'Escritor y pintor germano-suizo, exploró temas espirituales y la búsqueda de la identidad.', 'assets/img/default_perfil.jpg', NULL),
(97, 'Thomas Mann', 'Escritor alemán, ganador del Nobel, conocido por novelas como \"La montaña mágica\" y \"Muerte en Venecia\".', 'assets/img/default_perfil.jpg', NULL),
(98, 'Milan Kundera', 'Escritor checo-francés, conocido por sus novelas filosóficas y exploraciones de la condición humana.', 'assets/img/default_perfil.jpg', NULL),
(99, 'Italo Calvino', 'Escritor y periodista italiano, conocido por su estilo experimental y obras como \"Las ciudades invisibles\".', 'assets/img/default_perfil.jpg', NULL),
(100, 'Umberto Eco', 'Semiólogo, filósofo y escritor italiano, autor de \"El nombre de la rosa\".', 'assets/img/default_perfil.jpg', NULL),
(101, 'José Saramago', 'Escritor portugués, ganador del Nobel, conocido por su estilo único y novelas alegóricas.', 'assets/img/default_perfil.jpg', NULL),
(102, 'Gabriel Tallent', 'Autor contemporáneo conocido por su impactante novela debut.', 'assets/img/default_perfil.jpg', NULL),
(103, 'Andy Weir', 'Escritor estadounidense de ciencia ficción, conocido por \"El marciano\".', 'assets/img/default_perfil.jpg', NULL),
(104, 'Liu Cixin', 'Escritor chino de ciencia ficción, autor de la trilogía \"El problema de los tres cuerpos\".', 'assets/img/default_perfil.jpg', NULL),
(105, 'N.K. Jemisin', 'Escritora estadounidense de ciencia ficción y fantasía, ganadora de múltiples premios Hugo.', 'assets/img/default_perfil.jpg', NULL),
(106, 'Tamsyn Muir', 'Escritora neozelandesa de fantasía y ciencia ficción, conocida por la serie \"La Tumba Sellada\".', 'assets/img/default_perfil.jpg', NULL),
(107, 'Rebecca Roanhorse', 'Escritora estadounidense de ciencia ficción y fantasía, con raíces en culturas indígenas.', 'assets/img/default_perfil.jpg', NULL);

-- --------------------------------------------------------

--
-- Estructura de tabla para la tabla `books`
--

CREATE TABLE `books` (
  `id` int(11) NOT NULL,
  `title` varchar(255) NOT NULL,
  `synopsis` varchar(255) NOT NULL,
  `cover_img` varchar(255) NOT NULL
) ENGINE=InnoDB DEFAULT CHARSET=utf8mb4 COLLATE=utf8mb4_general_ci;

--
-- Volcado de datos para la tabla `books`
--

INSERT INTO `books` (`id`, `title`, `synopsis`, `cover_img`) VALUES
(1, 'El Cantar de Mio Cid', 'Poema épico castellano que narra las hazañas heroicas inspiradas libremente en los últimos años de la vida del caballero castellano Rodrigo Díaz de Vivar, el Cid Campeador.', 'uploads/books/book_6834c73d26b812.66632251.jpg'),
(2, 'Beowulf', 'Poema épico anglosajón, la más antigua obra extensa de la literatura inglesa. Narra las hazañas del héroe Beowulf.', 'assets/img/default_book_cover.jpg'),
(3, 'Las mil y una noches', 'Una célebre recopilación medieval en lengua árabe de cuentos tradicionales del Oriente Medio.', 'assets/img/default_book_cover.jpg'),
(4, 'El Hobbit', 'Un hobbit llamado Bilbo Bolsón es arrastrado a una aventura inesperada por el mago Gandalf y una compañía de enanos.', 'assets/img/default_book_cover.jpg'),
(5, 'El Señor de los Anillos: La Comunidad del Anillo', 'Frodo Bolsón hereda un anillo mágico que resulta ser el Anillo Único, un instrumento de poder absoluto que podría permitir a Sauron, el Señor Oscuro, gobernar la Tierra Media.', 'assets/img/default_book_cover.jpg'),
(6, 'El Silmarillion', 'Una colección de trabajos mitopoéicos de J.R.R. Tolkien, editada y publicada póstumamente por su hijo Christopher Tolkien.', 'assets/img/default_book_cover.jpg'),
(7, 'Juego de Tronos', 'Primer libro de la serie Canción de Hielo y Fuego. En el continente de Poniente, varias casas nobles luchan por el control del Trono de Hierro.', 'assets/img/default_book_cover.jpg'),
(8, 'Choque de Reyes', 'Segundo libro de Canción de Hielo y Fuego. La guerra de los Cinco Reyes se desata en Poniente.', 'assets/img/default_book_cover.jpg'),
(9, 'Tormenta de Espadas', 'Tercer libro de Canción de Hielo y Fuego. La guerra continúa con eventos impactantes y traiciones.', 'assets/img/default_book_cover.jpg'),
(10, 'Yo, Robot', 'Una colección de nueve cuentos de ciencia ficción interconectados sobre robots con las Tres Leyes de la Robótica.', 'assets/img/default_book_cover.jpg'),
(11, 'Fundación', 'Primer libro de la serie Fundación. El psicohistoriador Hari Seldon predice la caída del Imperio Galáctico y crea un plan para preservar el conocimiento humano.', 'assets/img/default_book_cover.jpg'),
(12, 'El fin de la Eternidad', 'Una novela sobre una organización que viaja en el tiempo para alterar la historia humana con el objetivo de mejorarla.', 'assets/img/default_book_cover.jpg'),
(13, '2001: Una odisea del espacio', 'Novela basada en el guion cinematográfico. Un misterioso monolito negro influye en la evolución humana desde la prehistoria hasta un viaje a Júpiter.', 'assets/img/default_book_cover.jpg'),
(14, 'Cita con Rama', 'Una gigantesca nave espacial cilíndrica alienígena, bautizada Rama, entra en el sistema solar, y un grupo de exploradores humanos es enviado a investigarla.', 'assets/img/default_book_cover.jpg'),
(15, 'El fin de la infancia', 'La llegada pacífica de unos misteriosos extraterrestres, los \"Superseñores\", pone fin a las guerras y la pobreza, pero ¿a qué costo para la humanidad?', 'assets/img/default_book_cover.jpg'),
(16, 'Asesinato en el Orient Express', 'El detective Hércules Poirot debe investigar un asesinato ocurrido en el famoso tren Orient Express, detenido por una tormenta de nieve.', 'assets/img/default_book_cover.jpg'),
(17, 'Diez Negritos', 'Diez personas sin relación aparente son invitadas a una mansión en una isla remota, donde comienzan a ser asesinadas una por una.', 'assets/img/default_book_cover.jpg'),
(18, 'Muerte en el Nilo', 'Durante un crucero por el Nilo, la rica heredera Linnet Ridgeway es asesinada. Hércules Poirot se encuentra a bordo para resolver el caso.', 'assets/img/default_book_cover.jpg'),
(19, 'El Resplandor', 'Jack Torrance, un escritor en apuros, acepta un trabajo como cuidador de invierno en el aislado Hotel Overlook, donde fuerzas siniestras comienzan a afectar su cordura.', 'assets/img/default_book_cover.jpg'),
(20, 'It (Eso)', 'Un grupo de niños de Derry, Maine, se enfrenta a una entidad maligna que adopta la forma de sus peores miedos, principalmente un payaso llamado Pennywise.', 'assets/img/default_book_cover.jpg'),
(21, 'Misery', 'Un famoso novelista sufre un accidente y es rescatado por su \"fan número uno\", una enfermera desquiciada que lo mantiene cautivo.', 'assets/img/default_book_cover.jpg'),
(22, 'Orgullo y Prejuicio', 'La historia de Elizabeth Bennet y su tumultuosa relación con el orgulloso Sr. Darcy en la Inglaterra georgiana.', 'assets/img/default_book_cover.jpg'),
(23, 'Sentido y Sensibilidad', 'Sigue las vidas y amores de las hermanas Dashwood, Elinor y Marianne, mientras navegan las convenciones sociales y las dificultades económicas.', 'assets/img/default_book_cover.jpg'),
(24, 'Emma', 'Emma Woodhouse, una joven rica y hermosa, se entretiene haciendo de casamentera en su pequeño círculo social, a menudo con consecuencias imprevistas.', 'assets/img/default_book_cover.jpg'),
(25, 'Cien años de soledad', 'La historia de la familia Buendía a lo largo de siete generaciones en el pueblo ficticio de Macondo.', 'assets/img/default_book_cover.jpg'),
(26, 'El amor en los tiempos del cólera', 'Una historia de amor que perdura más de cincuenta años entre Florentino Ariza y Fermina Daza.', 'assets/img/default_book_cover.jpg'),
(27, 'Crónica de una muerte anunciada', 'La reconstrucción de un asesinato anunciado en un pequeño pueblo, donde todos sabían que iba a ocurrir pero nadie hizo nada para evitarlo.', 'assets/img/default_book_cover.jpg'),
(28, 'Narraciones Extraordinarias', 'Colección de cuentos que incluye clásicos como \"El gato negro\", \"La caída de la Casa Usher\" y \"Los crímenes de la calle Morgue\".', 'assets/img/default_book_cover.jpg'),
(29, 'El Cuervo y otros poemas', 'Colección de poemas que incluye su obra más famosa, \"El Cuervo\", un poema narrativo sobre la melancolía y la desesperación.', 'assets/img/default_book_cover.jpg'),
(30, 'Las aventuras de Arthur Gordon Pym', 'La única novela completa de Poe, narra las peligrosas aventuras marítimas de su protagonista.', 'assets/img/default_book_cover.jpg'),
(31, 'Hamlet', 'La tragedia del príncipe de Dinamarca, quien busca vengar la muerte de su padre a manos de su tío Claudio.', 'assets/img/default_book_cover.jpg'),
(32, 'Romeo y Julieta', 'La trágica historia de amor de dos jóvenes amantes de familias enemistadas en Verona.', 'assets/img/default_book_cover.jpg'),
(33, 'Macbeth', 'Una tragedia sobre la ambición desmedida de un noble escocés que, incitado por su esposa y una profecía, asesina al rey para tomar el trono.', 'assets/img/default_book_cover.jpg'),
(34, 'Un mago de Terramar', 'Primer libro de la serie Terramar. Ged, un joven pastor con grandes poderes mágicos, se embarca en un viaje de autodescubrimiento y redención.', 'assets/img/default_book_cover.jpg'),
(35, 'La mano izquierda de la oscuridad', 'Un enviado humano llega al planeta Gueden, cuyos habitantes son andróginos, para persuadirlos de unirse a una federación galáctica.', 'assets/img/default_book_cover.jpg'),
(36, 'Los desposeídos', 'Una novela de ciencia ficción anarquista que contrasta dos planetas vecinos con sistemas sociales y políticos radicalmente diferentes.', 'assets/img/default_book_cover.jpg'),
(37, '¿Sueñan los androides con ovejas eléctricas?', 'En un futuro post-apocalíptico, un cazador de recompensas persigue androides rebeldes que se hacen pasar por humanos.', 'assets/img/default_book_cover.jpg'),
(38, 'Ubik', 'Tras un atentado, un grupo de técnicos psíquicos experimenta una extraña regresión temporal y una alteración de la realidad, donde Ubik parece ser la única solución.', 'assets/img/default_book_cover.jpg'),
(39, 'El hombre en el castillo', 'Una historia alternativa donde las potencias del Eje ganaron la Segunda Guerra Mundial y Estados Unidos está dividido entre Japón y Alemania.', 'assets/img/default_book_cover.jpg'),
(40, 'Dune', 'En el desértico planeta Arrakis, única fuente de la valiosa especia melange, se desarrolla una intriga política, religiosa y ecológica de proporciones épicas.', 'assets/img/default_book_cover.jpg'),
(41, 'El Mesías de Dune', 'Continuación de Dune, donde Paul Atreides, ahora emperador, enfrenta las consecuencias de su yihad y las conspiraciones en su contra.', 'assets/img/default_book_cover.jpg'),
(42, 'Hijos de Dune', 'Los hijos gemelos de Paul Atreides, Leto II y Ghanima, luchan por el control del imperio y el futuro de la humanidad.', 'assets/img/default_book_cover.jpg'),
(43, 'Estudio en Escarlata', 'La primera aparición del detective Sherlock Holmes y su compañero el Dr. Watson, investigando un misterioso asesinato en Londres.', 'assets/img/default_book_cover.jpg'),
(44, 'El Sabueso de los Baskerville', 'Sherlock Holmes investiga una antigua maldición que parece acechar a la familia Baskerville en los páramos de Dartmoor.', 'assets/img/default_book_cover.jpg'),
(45, 'Las Aventuras de Sherlock Holmes', 'Una colección de doce cuentos que muestran la brillantez deductiva de Sherlock Holmes en diversos casos.', 'assets/img/default_book_cover.jpg'),
(46, 'La Llamada de Cthulhu', 'Un hombre investiga los papeles de su tío abuelo y descubre un culto ancestral que adora a una entidad cósmica primigenia.', 'assets/img/default_book_cover.jpg'),
(47, 'En las Montañas de la Locura', 'Una expedición a la Antártida descubre los restos de una antigua civilización no humana y horrores cósmicos indecibles.', 'assets/img/default_book_cover.jpg'),
(48, 'El Horror de Dunwich', 'En un aislado pueblo de Massachusetts, una familia degenerada invoca entidades de otras dimensiones con consecuencias terribles.', 'assets/img/default_book_cover.jpg'),
(49, 'Drácula', 'La historia del conde Drácula, un vampiro de Transilvania que viaja a Inglaterra en busca de nueva sangre y es perseguido por un grupo liderado por Abraham Van Helsing.', 'assets/img/default_book_cover.jpg'),
(50, 'La Madriguera del Gusano Blanco', 'Adam Salton investiga extraños sucesos en la propiedad de su tío abuelo, relacionados con una leyenda local sobre un monstruoso gusano.', 'assets/img/default_book_cover.jpg'),
(51, 'La Joya de las Siete Estrellas', 'Un joven abogado se ve envuelto en el misterio de una momia egipcia y una antigua maldición tras el brutal ataque a un egiptólogo.', 'assets/img/default_book_cover.jpg'),
(52, 'Frankenstein o el moderno Prometeo', 'Victor Frankenstein, un joven científico, crea una criatura grotesca en un experimento poco ortodoxo, con consecuencias trágicas.', 'assets/img/default_book_cover.jpg'),
(53, 'El último hombre', 'Una novela apocalíptica que narra la historia de Lionel Verney, el único superviviente de una plaga que ha aniquilado a la humanidad en el siglo XXI.', 'assets/img/default_book_cover.jpg'),
(54, 'Mathilda', 'Una novela corta que explora temas de incesto, aislamiento y desesperación, contada desde la perspectiva de la joven Mathilda.', 'assets/img/default_book_cover.jpg'),
(55, 'Harry Potter y la piedra filosofal', 'Harry Potter descubre en su undécimo cumpleaños que es un mago y está destinado a asistir al Colegio Hogwarts de Magia y Hechicería.', 'assets/img/default_book_cover.jpg'),
(56, 'Harry Potter y la cámara secreta', 'Segundo año de Harry en Hogwarts, donde una siniestra profecía parece hacerse realidad cuando los estudiantes aparecen petrificados.', 'assets/img/default_book_cover.jpg'),
(57, 'Harry Potter y el prisionero de Azkaban', 'Harry descubre que Sirius Black, un peligroso prisionero y supuesto seguidor de Lord Voldemort, ha escapado de Azkaban y lo está buscando.', 'assets/img/default_book_cover.jpg'),
(58, 'American Gods', 'Sombra, un exconvicto, es contratado como guardaespaldas por el misterioso Sr. Wednesday, viéndose envuelto en una guerra entre los antiguos dioses y los nuevos dioses de la tecnología y los medios.', 'assets/img/default_book_cover.jpg'),
(59, 'Coraline', 'Una niña descubre una puerta secreta en su nueva casa que la lleva a una versión alternativa de su vida, aparentemente mejor, pero con un siniestro secreto.', 'assets/img/default_book_cover.jpg'),
(60, 'Stardust', 'Un joven llamado Tristran Thorn promete a su amada traerle una estrella caída, embarcándose en una aventura en el mágico reino de Faerie.', 'assets/img/default_book_cover.jpg'),
(61, 'Elantris', 'La ciudad de Elantris, una vez habitada por seres divinos, cae en desgracia. El príncipe Raoden es afectado por la maldición y exiliado a la ciudad en ruinas.', 'assets/img/default_book_cover.jpg'),
(62, 'El Imperio Final (Nacidos de la Bruma 1)', 'En un mundo cubierto de cenizas y gobernado por el tiránico Lord Legislador, un grupo de rebeldes con poderes alománticos planea un audaz golpe.', 'assets/img/default_book_cover.jpg'),
(63, 'El Camino de los Reyes (El Archivo de las Tormentas 1)', 'En el mundo de Roshar, asolado por tormentas y guerras, varios personajes luchan por sobrevivir y desentrañar antiguos misterios.', 'assets/img/default_book_cover.jpg'),
(64, 'El Nombre del Viento (Crónica del Asesino de Reyes 1)', 'Kvothe, un legendario héroe y villano, narra la historia de su vida a un cronista, desde su infancia en una troupe de artistas itinerantes hasta su ingreso en la Universidad.', 'assets/img/default_book_cover.jpg'),
(65, 'El Temor de un Hombre Sabio (Crónica del Asesino de Reyes 2)', 'La continuación de la autobiografía de Kvothe, detallando sus aventuras, estudios y la búsqueda de los Chandrian.', 'assets/img/default_book_cover.jpg'),
(66, 'La Música del Silencio', 'Una novela corta centrada en Auri, un personaje enigmático de la serie Crónica del Asesino de Reyes, explorando su vida en la Subrealidad.', 'assets/img/default_book_cover.jpg'),
(67, 'Los Pilares de la Tierra', 'Una épica novela histórica ambientada en la Inglaterra del siglo XII, centrada en la construcción de una catedral gótica en la ciudad ficticia de Kingsbridge.', 'assets/img/default_book_cover.jpg'),
(68, 'Un Mundo sin Fin', 'Secuela de Los Pilares de la Tierra, ambientada dos siglos después, sigue a los descendientes de los personajes originales durante la Peste Negra y la Guerra de los Cien Años.', 'assets/img/default_book_cover.jpg'),
(69, 'La Caída de los Gigantes (Trilogía The Century 1)', 'Primera parte de una trilogía que sigue a cinco familias de diferentes nacionalidades a través de los eventos de la Primera Guerra Mundial y la Revolución Rusa.', 'assets/img/default_book_cover.jpg'),
(70, 'La Casa de los Espíritus', 'La saga de la familia Trueba a lo largo de varias generaciones en un país latinoamericano sin nombre, mezclando realismo mágico con historia política.', 'assets/img/default_book_cover.jpg'),
(71, 'Eva Luna', 'La historia de Eva Luna, una joven huérfana con un don para contar historias, y su vida en un país sudamericano lleno de personajes coloridos y eventos turbulentos.', 'assets/img/default_book_cover.jpg'),
(72, 'Paula', 'Una memoria conmovedora escrita por Allende mientras su hija Paula estaba en coma, reflexionando sobre su vida y la historia de su familia.', 'assets/img/default_book_cover.jpg'),
(73, 'Tokio Blues (Norwegian Wood)', 'La nostálgica historia de Toru Watanabe y sus relaciones con dos mujeres muy diferentes, Naoko y Midori, en el Tokio de los años 60.', 'assets/img/default_book_cover.jpg'),
(74, 'Kafka en la orilla', 'Dos historias paralelas: la de Kafka Tamura, un joven de 15 años que huye de casa, y la de Nakata, un anciano que puede hablar con los gatos.', 'assets/img/default_book_cover.jpg'),
(75, '1Q84', 'Una joven llamada Aomame entra en una realidad paralela que ella llama 1Q84, mientras Tengo, un profesor de matemáticas, se ve envuelto en un misterioso proyecto literario.', 'assets/img/default_book_cover.jpg'),
(76, 'Veinte mil leguas de viaje submarino', 'El profesor Pierre Aronnax y sus compañeros son capturados por el misterioso Capitán Nemo y viajan a bordo del submarino Nautilus.', 'assets/img/default_book_cover.jpg'),
(77, 'La vuelta al mundo en ochenta días', 'El flemático caballero inglés Phileas Fogg apuesta que puede dar la vuelta al mundo en 80 días, acompañado por su leal sirviente Passepartout.', 'assets/img/default_book_cover.jpg'),
(78, 'Viaje al centro de la Tierra', 'El profesor Lidenbrock, su sobrino Axel y el guía Hans descienden por un volcán islandés para alcanzar el centro de la Tierra.', 'assets/img/default_book_cover.jpg'),
(79, 'La máquina del tiempo', 'Un científico inventa una máquina que le permite viajar a través del tiempo, llevándolo a un futuro distante donde la humanidad se ha dividido en dos especies: los Eloi y los Morlocks.', 'assets/img/default_book_cover.jpg'),
(80, 'La guerra de los mundos', 'La Tierra es invadida por marcianos con una tecnología superior, sembrando el pánico y la destrucción en Inglaterra.', 'assets/img/default_book_cover.jpg'),
(81, 'El hombre invisible', 'Un científico descubre la fórmula para hacerse invisible, pero su experimento lo lleva a la locura y al terror.', 'assets/img/default_book_cover.jpg'),
(82, 'Oliver Twist', 'La historia de un niño huérfano que escapa de un hospicio y cae en manos de una banda de ladrones en Londres.', 'assets/img/default_book_cover.jpg'),
(83, 'Historia de dos ciudades', 'Ambientada durante la Revolución Francesa, narra las vidas de personajes en Londres y París, entrelazadas por el amor, el sacrificio y la redención.', 'assets/img/default_book_cover.jpg'),
(84, 'Grandes Esperanzas', 'La vida de Pip, un huérfano que asciende en la escala social gracias a un benefactor misterioso, y sus encuentros con personajes excéntricos.', 'assets/img/default_book_cover.jpg'),
(85, 'Guerra y Paz', 'Una novela épica que sigue a varias familias aristocráticas rusas durante las guerras napoleónicas, explorando temas de historia, filosofía y vida familiar.', 'assets/img/default_book_cover.jpg'),
(86, 'Anna Karenina', 'La trágica historia de Anna, una mujer casada de la alta sociedad rusa que se embarca en una apasionada aventura amorosa con el Conde Vronsky.', 'assets/img/default_book_cover.jpg'),
(87, 'La Muerte de Iván Ilich', 'Un funcionario judicial de alto rango reflexiona sobre su vida superficial y vacía al enfrentarse a una enfermedad terminal.', 'assets/img/default_book_cover.jpg'),
(88, 'Crimen y Castigo', 'Rodion Raskolnikov, un estudiante empobrecido, comete un asesinato creyendo que está justificado, pero luego lucha con la culpa y las consecuencias morales.', 'assets/img/default_book_cover.jpg'),
(89, 'Los Hermanos Karamazov', 'La compleja historia de tres hermanos y su padre parricida, explorando temas de fe, duda, moralidad y la naturaleza del mal.', 'assets/img/default_book_cover.jpg'),
(90, 'El Idiota', 'El príncipe Myshkin, un hombre ingenuo y bondadoso, regresa a Rusia e intenta navegar la corrupta y cínica alta sociedad.', 'assets/img/default_book_cover.jpg'),
(91, 'La señora Dalloway', 'Sigue a Clarissa Dalloway durante un día en Londres mientras prepara una fiesta, explorando sus pensamientos y recuerdos a través de la técnica del flujo de conciencia.', 'assets/img/default_book_cover.jpg'),
(92, 'Al faro', 'Una novela que examina las vidas de la familia Ramsay y sus invitados en su casa de verano en las Hébridas, antes y después de la Primera Guerra Mundial.', 'assets/img/default_book_cover.jpg'),
(93, 'Orlando: Una biografía', 'Una fantasía histórica que sigue a un poeta noble que vive durante siglos, cambiando de género y experimentando diferentes épocas de la historia inglesa.', 'assets/img/default_book_cover.jpg'),
(94, 'El viejo y el mar', 'La historia de Santiago, un viejo pescador cubano, y su épica lucha para capturar un marlín gigante en el Golfo de México.', 'assets/img/default_book_cover.jpg'),
(95, 'Por quién doblan las campanas', 'Robert Jordan, un voluntario estadounidense en la Guerra Civil Española, es enviado a destruir un puente crucial para una ofensiva republicana.', 'assets/img/default_book_cover.jpg'),
(96, 'Adiós a las armas', 'Un conductor de ambulancias estadounidense en el frente italiano durante la Primera Guerra Mundial se enamora de una enfermera inglesa.', 'assets/img/default_book_cover.jpg'),
(97, 'La Metamorfosis', 'Gregorio Samsa se despierta una mañana transformado en un insecto monstruoso, y su familia lucha por adaptarse a su nueva condición.', 'assets/img/default_book_cover.jpg'),
(98, 'El Proceso', 'Josef K. es arrestado y procesado por una autoridad inaccesible por un crimen que nunca se le revela.', 'assets/img/default_book_cover.jpg'),
(99, 'El Castillo', 'K., un agrimensor, llega a un pueblo dominado por un misterioso castillo al que no puede acceder, y lucha por obtener reconocimiento y un lugar en la comunidad.', 'assets/img/default_book_cover.jpg'),
(100, '1984', 'En un futuro distópico totalitario, Winston Smith lucha contra la opresión del Partido y su líder omnipresente, el Gran Hermano.', 'assets/img/default_book_cover.jpg'),
(101, 'Rebelión en la granja', 'Una sátira alegórica de la Revolución Rusa y el estalinismo, donde los animales de una granja se rebelan contra sus dueños humanos y establecen su propio gobierno.', 'assets/img/default_book_cover.jpg'),
(102, 'Homenaje a Cataluña', 'Un relato personal de Orwell sobre sus experiencias como combatiente en la Guerra Civil Española del lado republicano.', 'assets/img/default_book_cover.jpg'),
(103, 'Un mundo feliz', 'Una novela distópica que presenta una sociedad futurista aparentemente perfecta, donde la felicidad se logra a través de la tecnología, la manipulación genética y el condicionamiento.', 'assets/img/default_book_cover.jpg'),
(104, 'Las puertas de la percepción', 'Un ensayo que detalla las experiencias de Huxley con la mescalina y sus reflexiones sobre la conciencia y la realidad.', 'assets/img/default_book_cover.jpg'),
(105, 'La isla', 'Una novela utópica que contrasta con \"Un mundo feliz\", presentando una sociedad que busca la iluminación espiritual y la armonía con la naturaleza.', 'assets/img/default_book_cover.jpg'),
(106, 'Fahrenheit 451', 'En un futuro donde los libros están prohibidos y son quemados por los \"bomberos\", Guy Montag, un bombero, comienza a cuestionar su papel y la sociedad en la que vive.', 'assets/img/default_book_cover.jpg'),
(107, 'Crónicas Marcianas', 'Una serie de relatos interconectados que narran la colonización de Marte por los humanos y el declive de la civilización marciana.', 'assets/img/default_book_cover.jpg'),
(108, 'El hombre ilustrado', 'Una colección de dieciocho cuentos de ciencia ficción unidos por la figura de un vagabundo cuyos tatuajes cobran vida y cuentan historias.', 'assets/img/default_book_cover.jpg'),
(109, 'Neuromante', 'Una novela seminal del género cyberpunk. Case, un hacker acabado, es contratado para una última misión en el ciberespacio por un misterioso empleador.', 'assets/img/default_book_cover.jpg'),
(110, 'Conde Cero', 'Segunda novela de la Trilogía del Sprawl, sigue a tres personajes cuyas historias se entrelazan en un mundo de alta tecnología y corporaciones poderosas.', 'assets/img/default_book_cover.jpg'),
(111, 'Mona Lisa Acelerada', 'Conclusión de la Trilogía del Sprawl, donde varios personajes se ven envueltos en intrigas relacionadas con inteligencias artificiales y una misteriosa entidad en el ciberespacio.', 'assets/img/default_book_cover.jpg'),
(112, 'El color de la magia (Mundodisco 1)', 'La primera novela de la serie Mundodisco, sigue las desventuras del inepto mago Rincewind y el primer turista del Disco, Dosflores.', 'assets/img/default_book_cover.jpg'),
(113, 'Mort (Mundodisco 4)', 'Un joven llamado Mort se convierte en el aprendiz de la Muerte, con consecuencias cómicas y profundas.', 'assets/img/default_book_cover.jpg'),
(114, '¡Guardias! ¿Guardias? (Mundodisco 8)', 'La primera novela centrada en la Guardia Nocturna de Ankh-Morpork, liderada por el cínico pero noble Comandante Samuel Vimes.', 'assets/img/default_book_cover.jpg'),
(115, 'Guía del autoestopista galáctico', 'Arthur Dent es rescatado de la destrucción de la Tierra por su amigo Ford Prefect, un investigador para la Guía del Autoestopista Galáctico, comenzando una serie de aventuras absurdas por el universo.', 'assets/img/default_book_cover.jpg'),
(116, 'El restaurante del fin del mundo', 'Continuación de las aventuras de Arthur Dent y sus compañeros, que los lleva al restaurante más extravagante del universo.', 'assets/img/default_book_cover.jpg'),
(117, 'La vida, el universo y todo lo demás', 'Tercera entrega de la \"trilogía en cinco partes\", donde Arthur Dent debe salvar al universo de los robots de Krikkit.', 'assets/img/default_book_cover.jpg'),
(118, 'Los Juegos del Hambre', 'En una nación postapocalíptica, Katniss Everdeen se ofrece como voluntaria para reemplazar a su hermana menor en los Juegos del Hambre, una lucha televisada a muerte.', 'assets/img/default_book_cover.jpg'),
(119, 'En Llamas', 'Katniss y Peeta, vencedores de los Juegos del Hambre, se convierten en símbolos de rebelión, lo que los pone en peligro en una edición especial de los Juegos.', 'assets/img/default_book_cover.jpg'),
(120, 'Sinsajo', 'Katniss se convierte en el Sinsajo, el rostro de la rebelión contra el Capitolio, liderando a los distritos en una guerra total.', 'assets/img/default_book_cover.jpg'),
(121, 'Divergente', 'En una sociedad futurista dividida en facciones, Beatrice \"Tris\" Prior descubre que es Divergente, una amenaza para el sistema, y debe ocultar su verdadera naturaleza.', 'assets/img/default_book_cover.jpg'),
(122, 'Insurgente', 'Tris y Cuatro están huyendo mientras la guerra entre facciones se intensifica, y Tris busca respuestas sobre su pasado y el futuro de su sociedad.', 'assets/img/default_book_cover.jpg'),
(123, 'Leal', 'Tris y sus compañeros se aventuran más allá de la valla que rodea Chicago, descubriendo verdades impactantes sobre su mundo y enfrentando decisiones difíciles.', 'assets/img/default_book_cover.jpg'),
(124, 'Ciudad de Hueso (Cazadores de Sombras 1)', 'Clary Fray descubre que es una Cazadora de Sombras, una guerrera mitad ángel que protege al mundo de los demonios, y se adentra en un mundo oculto.', 'assets/img/default_book_cover.jpg'),
(125, 'Ciudad de Ceniza (Cazadores de Sombras 2)', 'Clary lucha por aceptar su nueva vida y sus sentimientos por Jace, mientras Valentine, su padre villano, continúa con sus planes oscuros.', 'assets/img/default_book_cover.jpg'),
(126, 'Ángel Mecánico (Cazadores de Sombras: Los Orígenes 1)', 'Ambientada en la época victoriana, Tessa Gray viaja a Londres y se encuentra con los Cazadores de Sombras del Instituto, descubriendo sus propios poderes sobrenaturales.', 'assets/img/default_book_cover.jpg'),
(127, 'El ladrón del rayo (Percy Jackson y los dioses del Olimpo 1)', 'Percy Jackson descubre que es un semidiós, hijo de Poseidón, y es acusado de robar el rayo maestro de Zeus, embarcándose en una misión para recuperarlo.', 'assets/img/default_book_cover.jpg'),
(128, 'El mar de los monstruos (Percy Jackson y los dioses del Olimpo 2)', 'Percy y sus amigos deben viajar al Mar de los Monstruos para encontrar el Vellocino de Oro y salvar el Campamento Mestizo.', 'assets/img/default_book_cover.jpg'),
(129, 'El héroe perdido (Los héroes del Olimpo 1)', 'Jason Grace despierta sin memoria en un autobús lleno de adolescentes problemáticos y descubre que es un semidiós romano, siendo llevado al Campamento Mestizo.', 'assets/img/default_book_cover.jpg'),
(130, 'Desnuda ante la muerte (Serie In Death 1, como J.D. Robb)', 'En el Nueva York de 2058, la teniente Eve Dallas investiga el asesinato de una prostituta de lujo, con el multimillonario Roarke como principal sospechoso.', 'assets/img/default_book_cover.jpg'),
(131, 'Sortilegio (Trilogía de las Hermanas Donovan 1)', 'Morgana Donovan, una bruja moderna, encuentra el amor y el peligro cuando un escéptico escritor llega a su pueblo para investigar sus habilidades.', 'assets/img/default_book_cover.jpg'),
(132, 'Valle de Sombras', 'Una joven hereda un rancho en Montana y se enamora de un vecino rudo, mientras descubren un misterio familiar y un peligro oculto.', 'assets/img/default_book_cover.jpg'),
(133, 'El Duque y Yo (Bridgerton 1)', 'Daphne Bridgerton y Simon Basset, el Duque de Hastings, fingen un cortejo para alejar a los pretendientes de ella y a las madres casamenteras de él, pero sentimientos reales comienzan a surgir.', 'assets/img/default_book_cover.jpg'),
(134, 'El Vizconde que me Amó (Bridgerton 2)', 'Anthony Bridgerton, decidido a casarse por conveniencia, pone sus ojos en Edwina Sheffield, pero su protectora hermana mayor, Kate, se interpone en su camino.', 'assets/img/default_book_cover.jpg'),
(135, 'Te Doy mi Corazón (Bridgerton 3)', 'Benedict Bridgerton se enamora de una misteriosa mujer en un baile de máscaras, sin saber que es Sophie Beckett, una sirvienta maltratada.', 'assets/img/default_book_cover.jpg'),
(136, 'Forastera (Outlander 1)', 'Claire Randall, una enfermera de combate de 1945, viaja misteriosamente en el tiempo a la Escocia de 1743, donde se encuentra con el apuesto guerrero escocés Jamie Fraser.', 'assets/img/default_book_cover.jpg'),
(137, 'Atrapada en el tiempo (Outlander 2)', 'Claire y Jamie viajan a Francia para intentar detener el levantamiento jacobita y cambiar el curso de la historia.', 'assets/img/default_book_cover.jpg'),
(138, 'Viajera (Outlander 3)', 'Veinte años después de regresar a su propio tiempo, Claire descubre que Jamie sobrevivió a la Batalla de Culloden y decide volver al pasado para encontrarlo.', 'assets/img/default_book_cover.jpg'),
(139, 'Perdida (Gone Girl)', 'En el día de su quinto aniversario de bodas, Amy Dunne desaparece. Su esposo, Nick, se convierte en el principal sospechoso en un thriller psicológico lleno de giros.', 'assets/img/default_book_cover.jpg'),
(140, 'Heridas Abiertas (Sharp Objects)', 'La periodista Camille Preaker regresa a su pueblo natal para cubrir los asesinatos de dos niñas, enfrentándose a su disfuncional familia y a sus propios demonios.', 'assets/img/default_book_cover.jpg'),
(141, 'Lugares Oscuros (Dark Places)', 'Libby Day, la única superviviente de una masacre familiar, se ve obligada a confrontar su pasado cuando un grupo de investigadores aficionados la contacta.', 'assets/img/default_book_cover.jpg'),
(142, 'Los hombres que no amaban a las mujeres (Millennium 1)', 'El periodista Mikael Blomkvist y la hacker Lisbeth Salander investigan la desaparición de una joven heredera ocurrida cuarenta años atrás.', 'assets/img/default_book_cover.jpg'),
(143, 'La chica que soñaba con una cerilla y un bidón de gasolina (Millennium 2)', 'Lisbeth Salander es acusada de múltiples asesinatos, y Mikael Blomkvist intenta demostrar su inocencia mientras descubre una conspiración.', 'assets/img/default_book_cover.jpg'),
(144, 'La reina en el palacio de las corrientes de aire (Millennium 3)', 'Lisbeth Salander se recupera de un intento de asesinato mientras se prepara para enfrentar a sus enemigos en un juicio que podría exponer una red de corrupción gubernamental.', 'assets/img/default_book_cover.jpg'),
(145, 'El Murciélago (Harry Hole 1)', 'El detective Harry Hole es enviado a Sídney, Australia, para investigar el asesinato de una ciudadana noruega, sumergiéndose en el oscuro submundo de la ciudad.', 'assets/img/default_book_cover.jpg'),
(146, 'Petirrojo (Harry Hole 3)', 'Harry Hole investiga una serie de asesinatos relacionados con colaboradores nazis durante la Segunda Guerra Mundial, mientras lidia con sus propios demonios.', 'assets/img/default_book_cover.jpg'),
(147, 'El Muñeco de Nieve (Harry Hole 7)', 'Un asesino en serie aterroriza Oslo, dejando un muñeco de nieve en la escena de cada crimen. Harry Hole debe atraparlo antes de que vuelva a atacar.', 'assets/img/default_book_cover.jpg'),
(148, 'Cosmos', 'Un libro de divulgación científica basado en la serie de televisión homónima, que explora el universo, la ciencia y la historia de la humanidad.', 'assets/img/default_book_cover.jpg'),
(149, 'Contacto', 'Una novela de ciencia ficción sobre el primer contacto de la humanidad con una civilización extraterrestre a través de una señal de radio interestelar.', 'assets/img/default_book_cover.jpg'),
(150, 'Un punto azul pálido: Una visión del futuro humano en el espacio', 'Una reflexión sobre el lugar de la humanidad en el universo, inspirada por la famosa fotografía de la Tierra tomada por la sonda Voyager 1.', 'assets/img/default_book_cover.jpg'),
(151, 'Breve historia del tiempo: Del Big Bang a los agujeros negros', 'Un libro de divulgación científica que explica conceptos complejos de la cosmología, como el Big Bang, los agujeros negros y la naturaleza del tiempo.', 'assets/img/default_book_cover.jpg'),
(152, 'El universo en una cáscara de nuez', 'Una continuación de \"Breve historia del tiempo\", que profundiza en los avances recientes de la física teórica y la cosmología.', 'assets/img/default_book_cover.jpg'),
(153, 'Breves respuestas a las grandes preguntas', 'Una colección póstuma de ensayos y reflexiones de Hawking sobre temas como la existencia de Dios, el futuro de la humanidad y la posibilidad de vida extraterrestre.', 'assets/img/default_book_cover.jpg'),
(154, 'Sapiens: De animales a dioses', 'Una breve historia de la humanidad, desde la evolución de los primeros humanos hasta las revoluciones cognitiva, agrícola y científica.', 'assets/img/default_book_cover.jpg'),
(155, 'Homo Deus: Breve historia del mañana', 'Una exploración del futuro de la humanidad, considerando cómo las nuevas tecnologías y la búsqueda de la inmortalidad, la felicidad y la divinidad podrían transformar nuestra especie.', 'assets/img/default_book_cover.jpg'),
(156, '21 lecciones para el siglo XXI', 'Un análisis de los desafíos y oportunidades más apremiantes del siglo XXI, desde el trabajo y la libertad hasta la igualdad y la meditación.', 'assets/img/default_book_cover.jpg'),
(157, 'La República', 'Un diálogo socrático que explora la justicia, el orden y el carácter del estado ideal y del hombre justo.', 'assets/img/default_book_cover.jpg'),
(158, 'Apología de Sócrates', 'El discurso que Sócrates pronunció en su defensa durante el juicio en el que fue acusado de corromper a la juventud y de no creer en los dioses de la ciudad.', 'assets/img/default_book_cover.jpg'),
(159, 'El Banquete (Simposio)', 'Un diálogo que explora la naturaleza del amor a través de una serie de discursos pronunciados por los invitados a un banquete.', 'assets/img/default_book_cover.jpg'),
(160, 'Ética a Nicómaco', 'Una obra fundamental de la filosofía moral, que explora la naturaleza de la virtud, la felicidad y la buena vida.', 'assets/img/default_book_cover.jpg'),
(161, 'Política', 'Un tratado sobre la teoría política que examina diferentes tipos de constituciones y el funcionamiento ideal de la ciudad-estado (polis).', 'assets/img/default_book_cover.jpg'),
(162, 'Poética', 'Un análisis de la tragedia y la epopeya, estableciendo los principios de la crítica literaria y la teoría dramática.', 'assets/img/default_book_cover.jpg'),
(163, 'El segundo sexo', 'Una obra fundamental del feminismo que analiza la opresión histórica de las mujeres y la construcción social del género.', 'assets/img/default_book_cover.jpg'),
(164, 'Memorias de una joven formal', 'Primera parte de su autobiografía, que narra su infancia y juventud en una familia burguesa de París y su despertar intelectual y feminista.', 'assets/img/default_book_cover.jpg'),
(165, 'La invitada', 'Una novela existencialista que explora las complejidades de las relaciones, los celos y la libertad a través de un triángulo amoroso.', 'assets/img/default_book_cover.jpg'),
(166, 'El Arte de la Guerra', 'Un antiguo tratado militar chino que ofrece estrategias y tácticas para la guerra, aplicables también a los negocios y la vida cotidiana.', 'assets/img/default_book_cover.jpg'),
(167, 'El Arte de la Guerra II (Atribuido, compilaciones posteriores)', 'Compilaciones y comentarios sobre estrategias militares, a menudo basados en los principios de Sun Tzu.', 'assets/img/default_book_cover.jpg'),
(168, 'Los Trece Capítulos (original de El Arte de la Guerra)', 'Los trece capítulos originales que componen la obra clásica de estrategia militar de Sun Tzu.', 'assets/img/default_book_cover.jpg'),
(169, 'El Príncipe', 'Un tratado de teoría política que ofrece consejos prácticos sobre cómo un gobernante puede adquirir y mantener el poder político.', 'assets/img/default_book_cover.jpg'),
(170, 'Discursos sobre la primera década de Tito Livio', 'Un análisis de la historia de la República Romana, que ofrece lecciones sobre la estabilidad política, la virtud cívica y el gobierno republicano.', 'assets/img/default_book_cover.jpg'),
(171, 'El arte de la guerra (Maquiavelo)', 'Un diálogo que expone las ideas de Maquiavelo sobre la organización militar, la estrategia y la importancia de una milicia ciudadana.', 'assets/img/default_book_cover.jpg'),
(172, 'La amiga estupenda (Dos amigas 1)', 'La historia de la amistad de toda una vida entre Elena Greco y Lila Cerullo, ambientada en un barrio pobre de Nápoles en la década de 1950.', 'assets/img/default_book_cover.jpg'),
(173, 'Un mal nombre (Dos amigas 2)', 'Continuación de la saga napolitana, sigue a Elena y Lila a través de su adolescencia y juventud, explorando sus caminos divergentes y su compleja relación.', 'assets/img/default_book_cover.jpg'),
(174, 'Las deudas del cuerpo (Dos amigas 3)', 'Elena y Lila navegan la edad adulta, enfrentando desafíos personales y profesionales, mientras su amistad sigue siendo un pilar central en sus vidas.', 'assets/img/default_book_cover.jpg'),
(175, 'El cuento de la criada', 'En la República de Gilead, un régimen totalitario teocrático, las mujeres fértiles son obligadas a servir como criadas para procrear. Offred narra su opresiva existencia.', 'assets/img/default_book_cover.jpg'),
(176, 'Alias Grace', 'Basada en hechos reales, la historia de Grace Marks, una joven inmigrante irlandesa acusada de un brutal asesinato en el Canadá del siglo XIX.', 'assets/img/default_book_cover.jpg'),
(177, 'Los testamentos', 'Secuela de \"El cuento de la criada\", ambientada quince años después, narrada por tres mujeres con diferentes perspectivas sobre Gilead.', 'assets/img/default_book_cover.jpg'),
(178, 'Los restos del día', 'Un anciano mayordomo inglés reflexiona sobre su vida de servicio a un lord simpatizante nazi, cuestionando su lealtad y las oportunidades perdidas.', 'assets/img/default_book_cover.jpg'),
(179, 'Nunca me abandones', 'Kathy, Ruth y Tommy crecen en un internado idílico en Inglaterra, pero descubren un oscuro secreto sobre su propósito en la vida.', 'assets/img/default_book_cover.jpg'),
(180, 'Klara y el Sol', 'Klara, una Amiga Artificial con una extraordinaria capacidad de observación, espera ser elegida por un cliente mientras reflexiona sobre la naturaleza humana y el amor.', 'assets/img/default_book_cover.jpg'),
(181, 'Americanah', 'Ifemelu y Obinze, dos jóvenes nigerianos enamorados, se separan para buscar oportunidades en el extranjero, enfrentándose a cuestiones de raza, identidad e inmigración.', 'assets/img/default_book_cover.jpg'),
(182, 'Medio sol amarillo', 'Ambientada durante la Guerra de Biafra en Nigeria, sigue las vidas de tres personajes cuyas lealtades y amores se ponen a prueba en medio del conflicto.', 'assets/img/default_book_cover.jpg'),
(183, 'Todos deberíamos ser feministas', 'Un ensayo breve y poderoso basado en una charla TED, que argumenta a favor de la igualdad de género y redefine el feminismo para el siglo XXI.', 'assets/img/default_book_cover.jpg'),
(184, 'La ciudad y los perros', 'La vida de un grupo de cadetes en un colegio militar de Lima, explorando la violencia, la corrupción y la lucha por la supervivencia en un entorno hostil.', 'assets/img/default_book_cover.jpg'),
(185, 'La fiesta del Chivo', 'Una novela que entrelaza la historia del dictador dominicano Rafael Trujillo con las vidas de aquellos afectados por su régimen brutal.', 'assets/img/default_book_cover.jpg'),
(186, 'Conversación en La Catedral', 'Una compleja novela que explora la corrupción política y social en Perú durante la dictadura de Odría, a través de la conversación entre Santiago Zavala y Ambrosio.', 'assets/img/default_book_cover.jpg'),
(187, 'La Sombra del Viento (El Cementerio de los Libros Olvidados 1)', 'Daniel Sempere descubre un libro misterioso en el Cementerio de los Libros Olvidados que lo arrastra a una intriga gótica en la Barcelona de posguerra.', 'assets/img/default_book_cover.jpg'),
(188, 'El Juego del Ángel (El Cementerio de los Libros Olvidados 2)', 'El joven escritor David Martín recibe una oferta de un misterioso editor para escribir un libro como ningún otro, en una Barcelona oscura y laberíntica.', 'assets/img/default_book_cover.jpg'),
(189, 'El Prisionero del Cielo (El Cementerio de los Libros Olvidados 3)', 'Daniel Sempere y Fermín Romero de Torres desentrañan secretos del pasado relacionados con un misterioso prisionero y el Cementerio de los Libros Olvidados.', 'assets/img/default_book_cover.jpg'),
(190, 'Memorias de Idhún I: La Resistencia', 'Jack, Victoria y Kirtash luchan contra Ashran el Nigromante y sus fuerzas en un mundo mágico llamado Idhún, con conexiones a la Tierra.', 'assets/img/default_book_cover.jpg'),
(191, 'Finis Mundi', 'En el año 997, un joven monje francés llamado Michel se embarca en una peligrosa misión para invocar al Espíritu del Tiempo y evitar el fin del mundo.', 'assets/img/default_book_cover.jpg'),
(192, 'Donde los árboles cantan', 'Viana, la hija de un duque, ve su mundo destrozado por la invasión de los bárbaros y debe encontrar su fuerza en un bosque mágico para liberar a su pueblo.', 'assets/img/default_book_cover.jpg'),
(193, 'La cena secreta', 'Una investigación sobre los misterios ocultos en \"La Última Cena\" de Leonardo da Vinci, mezclando historia del arte, teología y thriller.', 'assets/img/default_book_cover.jpg'),
(194, 'El fuego invisible', 'Un joven filólogo se ve envuelto en una búsqueda del Santo Grial y el origen de la creatividad, explorando misterios históricos y leyendas.', 'assets/img/default_book_cover.jpg'),
(195, 'El maestro del Prado', 'Un aprendiz de escritor conoce a un misterioso personaje en el Museo del Prado que le revela los secretos ocultos en las obras de grandes maestros como El Bosco, Brueghel y Tiziano.', 'assets/img/default_book_cover.jpg'),
(196, 'El club Dumas', 'Lucas Corso, un mercenario de libros raros, investiga un manuscrito relacionado con \"Los Tres Mosqueteros\" y un libro demoníaco, en un thriller literario lleno de intrigas.', 'assets/img/default_book_cover.jpg'),
(197, 'La Reina del Sur', 'Teresa Mendoza, una joven mexicana, se ve envuelta en el mundo del narcotráfico y asciende hasta convertirse en una poderosa figura en el sur de España.', 'assets/img/default_book_cover.jpg'),
(198, 'El capitán Alatriste (Las aventuras del capitán Alatriste 1)', 'Diego Alatriste y Tenorio, un espadachín a sueldo en el Madrid del siglo XVII, se ve envuelto en conspiraciones y peligrosas misiones.', 'assets/img/default_book_cover.jpg'),
(199, 'Libro del Desasosiego', 'Una obra fragmentaria y profundamente introspectiva, atribuida al heterónimo Bernardo Soares, que explora la angustia existencial y la alienación en la Lisboa de principios del siglo XX.', 'assets/img/default_book_cover.jpg'),
(200, 'Poemas de Álvaro de Campos', 'Colección de poemas del heterónimo más vanguardista y modernista de Pessoa, caracterizado por su energía futurista y su desilusión.', 'assets/img/default_book_cover.jpg'),
(201, 'Poemas de Alberto Caeiro', 'Poesía del heterónimo considerado el maestro de los demás, caracterizada por su sencillez, su conexión con la naturaleza y su rechazo de la metafísica.', 'assets/img/default_book_cover.jpg'),
(202, 'Veinte poemas de amor y una canción desesperada', 'Una colección de poemas que explora la pasión, el anhelo y la melancolía del amor juvenil, una de sus obras más famosas.', 'assets/img/default_book_cover.jpg'),
(203, 'Canto General', 'Un vasto poema épico que recorre la historia, la geografía y la lucha de los pueblos de América Latina.', 'assets/img/default_book_cover.jpg'),
(204, 'Residencia en la Tierra', 'Una obra que refleja una etapa de angustia existencial y experimentación surrealista en la poesía de Neruda.', 'assets/img/default_book_cover.jpg'),
(205, 'Romancero Gitano', 'Una colección de poemas que fusiona la tradición popular andaluza y la vanguardia, explorando temas como el amor, la muerte y la cultura gitana.', 'assets/img/default_book_cover.jpg'),
(206, 'Bodas de Sangre', 'Una tragedia rural que explora la pasión prohibida, el honor y la venganza en el contexto de una boda andaluza.', 'assets/img/default_book_cover.jpg'),
(207, 'La casa de Bernarda Alba', 'Un drama que retrata la opresión y la represión sexual en una familia de mujeres bajo el yugo de una matriarca autoritaria.', 'assets/img/default_book_cover.jpg'),
(208, 'Poemas Completos', 'Recopilación de la vasta obra poética de Dickinson, caracterizada por su estilo único, su introspección y sus temas recurrentes como la muerte, la inmortalidad y la naturaleza.', 'assets/img/default_book_cover.jpg'),
(209, 'Porque no pude detenerme ante la Muerte', 'Uno de sus poemas más célebres, que personifica a la Muerte como un amable caballero que lleva a la narradora en un viaje hacia la eternidad.', 'assets/img/default_book_cover.jpg'),
(210, 'Soy Nadie! ¿Quién eres tú?', 'Un poema breve y enigmático que explora temas de anonimato, identidad y la relación del individuo con la sociedad.', 'assets/img/default_book_cover.jpg'),
(211, 'Ficciones', 'Una colección de cuentos que exploran laberintos, bibliotecas infinitas, espejos y la naturaleza de la realidad y la ficción.', 'assets/img/default_book_cover.jpg'),
(212, 'El Aleph', 'Otra célebre colección de cuentos que profundiza en temas filosóficos y fantásticos, incluyendo el cuento homónimo sobre un punto que contiene todo el universo.', 'assets/img/default_book_cover.jpg'),
(213, 'Historia universal de la infamia', 'Una serie de relatos breves que presentan biografías ficticias de villanos y personajes marginales, jugando con los límites entre historia y ficción.', 'assets/img/default_book_cover.jpg'),
(214, 'Rayuela', 'Una novela experimental que invita al lector a elegir diferentes órdenes de lectura, narrando la vida bohemia de Horacio Oliveira en París y Buenos Aires.', 'assets/img/default_book_cover.jpg'),
(215, 'Bestiario', 'Una colección de cuentos que exploran lo insólito y lo fantástico en la vida cotidiana, con un estilo surrealista y perturbador.', 'assets/img/default_book_cover.jpg'),
(216, 'Historias de cronopios y de famas', 'Una obra lúdica y poética que presenta a los cronopios (seres creativos y desordenados), los famas (organizados y pragmáticos) y las esperanzas (ingenuas y expectantes).', 'assets/img/default_book_cover.jpg'),
(217, 'La Ilíada', 'Poema épico que narra los acontecimientos ocurridos durante el décimo año de la Guerra de Troya, centrándose en la cólera de Aquiles.', 'assets/img/default_book_cover.jpg'),
(218, 'La Odisea', 'Poema épico que relata el largo viaje de regreso a casa de Odiseo (Ulises), rey de Ítaca, tras la Guerra de Troya, enfrentando numerosos peligros y aventuras.', 'assets/img/default_book_cover.jpg'),
(219, 'Himnos Homéricos (Atribución tradicional)', 'Colección de 33 poemas antiguos griegos que celebran a varias deidades del panteón olímpico.', 'assets/img/default_book_cover.jpg'),
(220, 'La Eneida', 'Poema épico latino que narra la leyenda de Eneas, un héroe troyano que viaja a Italia y se convierte en el antepasado de los romanos.', 'assets/img/default_book_cover.jpg'),
(221, 'Las Bucólicas', 'Una colección de diez poemas pastorales que idealizan la vida rural y exploran temas de amor, naturaleza y poesía.', 'assets/img/default_book_cover.jpg'),
(222, 'Las Geórgicas', 'Un poema didáctico en cuatro libros que celebra la agricultura y la vida en el campo, ofreciendo consejos prácticos y reflexiones filosóficas.', 'assets/img/default_book_cover.jpg'),
(223, 'La Divina Comedia: Infierno', 'Primera parte del poema épico, donde Dante, guiado por Virgilio, viaja a través de los nueve círculos del Infierno.', 'assets/img/default_book_cover.jpg'),
(224, 'La Divina Comedia: Purgatorio', 'Segunda parte, donde Dante asciende la montaña del Purgatorio, purificando su alma antes de llegar al Paraíso.', 'assets/img/default_book_cover.jpg'),
(225, 'La Divina Comedia: Paraíso', 'Tercera parte, donde Dante, guiado por Beatriz, viaja a través de las esferas celestiales del Paraíso hasta la visión de Dios.', 'assets/img/default_book_cover.jpg'),
(226, 'Don Quijote de la Mancha (Primera Parte)', 'Las aventuras de un hidalgo que enloquece leyendo libros de caballerías y decide convertirse en caballero andante, acompañado por su escudero Sancho Panza.', 'assets/img/default_book_cover.jpg'),
(227, 'Don Quijote de la Mancha (Segunda Parte)', 'Continuación de las aventuras de Don Quijote y Sancho, donde se enfrentan a personajes que han leído la primera parte y juegan con su locura.', 'assets/img/default_book_cover.jpg'),
(228, 'Novelas Ejemplares', 'Una colección de doce novelas cortas que exploran diversos temas y géneros, mostrando la maestría narrativa de Cervantes.', 'assets/img/default_book_cover.jpg'),
(232, 'Los Miserables', 'Una vasta novela que sigue las vidas de varios personajes en la Francia del siglo XIX, explorando temas de justicia, redención y amor.', 'assets/img/default_book_cover.jpg'),
(233, 'Nuestra Señora de París (El Jorobado de Notre Dame)', 'La trágica historia de Quasimodo, el campanero jorobado de la catedral de Notre Dame, y su amor por la gitana Esmeralda.', 'assets/img/default_book_cover.jpg'),
(234, 'El hombre que ríe', 'La historia de Gwynplaine, un hombre cuyo rostro fue desfigurado en una sonrisa perpetua, y su vida en la Inglaterra del siglo XVII.', 'assets/img/default_book_cover.jpg'),
(235, 'Los Tres Mosqueteros', 'Las aventuras de D\'Artagnan y sus amigos mosqueteros Athos, Porthos y Aramis en la Francia del siglo XVII, bajo el reinado de Luis XIII.', 'assets/img/default_book_cover.jpg'),
(236, 'El Conde de Montecristo', 'Edmundo Dantés es injustamente encarcelado y, tras escapar, regresa como el misterioso Conde de Montecristo para vengarse de sus enemigos.', 'assets/img/default_book_cover.jpg');
INSERT INTO `books` (`id`, `title`, `synopsis`, `cover_img`) VALUES
(237, 'La Reina Margot', 'Una novela histórica ambientada durante las Guerras de Religión en Francia, centrada en Margarita de Valois y la Masacre de San Bartolomé.', 'assets/img/default_book_cover.jpg'),
(238, 'Las aventuras de Tom Sawyer', 'Las travesuras y aventuras de un niño ingenioso y rebelde en un pequeño pueblo a orillas del río Misisipi.', 'assets/img/default_book_cover.jpg'),
(239, 'Las aventuras de Huckleberry Finn', 'Huck Finn escapa de su padre abusivo y viaja por el río Misisipi con Jim, un esclavo fugitivo, enfrentando dilemas morales y sociales.', 'assets/img/default_book_cover.jpg'),
(240, 'Un yanqui en la corte del Rey Arturo', 'Un ingeniero de Connecticut del siglo XIX es transportado accidentalmente a la Inglaterra del Rey Arturo, donde intenta modernizar la sociedad medieval.', 'assets/img/default_book_cover.jpg'),
(241, 'El retrato de Dorian Gray', 'Un joven apuesto desea que su retrato envejezca en su lugar, permitiéndole llevar una vida de hedonismo y depravación sin consecuencias visibles.', 'assets/img/default_book_cover.jpg'),
(242, 'La importancia de llamarse Ernesto', 'Una comedia de enredo sobre dos jóvenes que adoptan identidades ficticias para cortejar a sus amadas, satirizando las convenciones sociales victorianas.', 'assets/img/default_book_cover.jpg'),
(243, 'El fantasma de Canterville', 'Una familia estadounidense compra un castillo inglés habitado por un fantasma gruñón, que se ve frustrado por su actitud pragmática y moderna.', 'assets/img/default_book_cover.jpg'),
(244, 'Alicia en el País de las Maravillas', 'Una niña llamada Alicia cae por una madriguera de conejo y se encuentra en un mundo fantástico poblado por criaturas extrañas y lógicas absurdas.', 'assets/img/default_book_cover.jpg'),
(245, 'A través del espejo y lo que Alicia encontró allí', 'Alicia atraviesa un espejo y entra en un mundo alternativo donde todo es al revés, como en un juego de ajedrez.', 'assets/img/default_book_cover.jpg'),
(246, 'La Caza del Snark', 'Un poema narrativo sin sentido sobre una extraña tripulación que se embarca en la búsqueda de una criatura elusiva llamada Snark.', 'assets/img/default_book_cover.jpg'),
(247, 'Charlie y la fábrica de chocolate', 'Un niño pobre llamado Charlie Bucket gana un boleto dorado para visitar la excéntrica fábrica de chocolate de Willy Wonka.', 'assets/img/default_book_cover.jpg'),
(248, 'Matilda', 'Una niña superdotada con poderes telequinéticos utiliza su inteligencia y habilidades para enfrentarse a su familia negligente y a la tiránica directora de su escuela.', 'assets/img/default_book_cover.jpg'),
(249, 'Las Brujas', 'Un niño y su abuela luchan contra un aquelarre de brujas que planean convertir a todos los niños de Inglaterra en ratones.', 'assets/img/default_book_cover.jpg'),
(250, 'El Principito', 'Un piloto varado en el desierto conoce a un joven príncipe de otro planeta, quien le enseña valiosas lecciones sobre la vida, el amor y la amistad.', 'assets/img/default_book_cover.jpg'),
(251, 'Vuelo Nocturno', 'Una novela que narra la peligrosa vida de los pilotos de correo aéreo en Sudamérica durante los primeros días de la aviación.', 'assets/img/default_book_cover.jpg'),
(252, 'Tierra de Hombres', 'Una memoria autobiográfica que reflexiona sobre las experiencias de Saint-Exupéry como piloto, explorando temas de camaradería, aventura y la condición humana.', 'assets/img/default_book_cover.jpg'),
(253, 'El león, la bruja y el armario (Las Crónicas de Narnia 1)', 'Cuatro hermanos descubren el mundo mágico de Narnia a través de un armario, donde ayudan al león Aslan a derrotar a la Bruja Blanca.', 'assets/img/default_book_cover.jpg'),
(254, 'Mero Cristianismo', 'Una obra de apologética cristiana basada en una serie de charlas de radio, que explica los fundamentos de la fe cristiana de manera lógica y accesible.', 'assets/img/default_book_cover.jpg'),
(255, 'Cartas del Diablo a su Sobrino', 'Una sátira epistolar donde un demonio anciano, Escrutopo, instruye a su sobrino Orugario sobre cómo tentar a un humano y alejarlo de Dios.', 'assets/img/default_book_cover.jpg'),
(256, 'La Rebelión de Atlas', 'En una sociedad estadounidense en decadencia, los principales innovadores y empresarios desaparecen en protesta contra las políticas gubernamentales colectivistas.', 'assets/img/default_book_cover.jpg'),
(257, 'El Manantial', 'Howard Roark, un arquitecto individualista e idealista, lucha contra las convenciones y el conformismo en su búsqueda de la excelencia arquitectónica.', 'assets/img/default_book_cover.jpg'),
(258, 'Anthem (¡Vivir!)', 'Una novela corta distópica donde un joven llamado Igualdad 7-2521 redescubre el individualismo en una sociedad colectivista que ha prohibido la palabra \"yo\".', 'assets/img/default_book_cover.jpg'),
(259, 'Las Uvas de la Ira', 'La familia Joad es expulsada de su granja en Oklahoma durante la Gran Depresión y viaja a California en busca de trabajo, enfrentando dificultades y explotación.', 'assets/img/default_book_cover.jpg'),
(260, 'De Ratones y Hombres', 'George y Lennie, dos trabajadores agrícolas migrantes, sueñan con tener su propia granja, pero sus esperanzas se ven truncadas por la tragedia.', 'assets/img/default_book_cover.jpg'),
(261, 'Al Este del Edén', 'Una saga familiar que explora temas de bien y mal, amor y odio, a través de las vidas de dos familias en el Valle de Salinas, California.', 'assets/img/default_book_cover.jpg'),
(262, 'El Gran Gatsby', 'Jay Gatsby, un millonario misterioso, organiza fiestas extravagantes en su mansión de Long Island con la esperanza de recuperar el amor de Daisy Buchanan.', 'assets/img/default_book_cover.jpg'),
(263, 'Suave es la Noche', 'La historia del ascenso y caída de Dick Diver, un psiquiatra talentoso, y su relación con su rica y mentalmente inestable esposa, Nicole.', 'assets/img/default_book_cover.jpg'),
(264, 'A este lado del paraíso', 'La novela debut de Fitzgerald, que narra la vida y amores de Amory Blaine, un joven egocéntrico y romántico de la Generación Perdida.', 'assets/img/default_book_cover.jpg'),
(265, 'A Sangre Fría', 'Una novela de no ficción que reconstruye el brutal asesinato de la familia Clutter en Kansas y la posterior captura y ejecución de los asesinos.', 'assets/img/default_book_cover.jpg'),
(266, 'Desayuno en Tiffany\'s', 'La historia de Holly Golightly, una joven excéntrica y encantadora que busca su lugar en el Nueva York de los años 40.', 'assets/img/default_book_cover.jpg'),
(267, 'Música para Camaleones', 'Una colección de relatos cortos, reportajes y conversaciones que muestran la versatilidad y el estilo distintivo de Capote.', 'assets/img/default_book_cover.jpg'),
(268, 'Matar a un Ruiseñor', 'Scout Finch narra su infancia en un pueblo sureño de Estados Unidos durante la Gran Depresión, donde su padre, Atticus Finch, defiende a un hombre negro acusado injustamente.', 'assets/img/default_book_cover.jpg'),
(269, 'Ve y pon un centinela', 'Secuela de \"Matar a un Ruiseñor\", escrita antes pero publicada después, sigue a una Scout adulta que regresa a su pueblo y se enfrenta a verdades incómodas sobre su familia y su comunidad.', 'assets/img/default_book_cover.jpg'),
(270, 'Scout, Atticus, and Boo: A Celebration of Fifty Years of To Kill a Mockingbird (Contribución)', 'Un libro conmemorativo sobre el impacto de Matar a un Ruiseñor, con ensayos y reflexiones.', 'assets/img/default_book_cover.jpg'),
(271, 'La Campana de Cristal', 'Una novela semiautobiográfica que narra el descenso a la enfermedad mental de Esther Greenwood, una joven talentosa y ambiciosa en el Nueva York de los años 50.', 'assets/img/default_book_cover.jpg'),
(272, 'Ariel', 'Una colección póstuma de poemas intensos y confesionales que exploran temas de identidad, feminidad, muerte y desesperación.', 'assets/img/default_book_cover.jpg'),
(273, 'Poemas Completos (Sylvia Plath)', 'Una recopilación exhaustiva de la obra poética de Plath, mostrando su evolución estilística y temática.', 'assets/img/default_book_cover.jpg'),
(274, 'Ulises', 'Una novela modernista que narra un día en la vida de Leopold Bloom en Dublín, utilizando una variedad de estilos experimentales y la técnica del flujo de conciencia.', 'assets/img/default_book_cover.jpg'),
(275, 'Dublineses', 'Una colección de quince cuentos que retratan la vida de los habitantes de Dublín a principios del siglo XX, explorando temas de parálisis y epifanía.', 'assets/img/default_book_cover.jpg'),
(276, 'Retrato del Artista Adolescente', 'Una novela semiautobiográfica que sigue el desarrollo intelectual y artístico de Stephen Dedalus desde su infancia hasta su madurez como escritor.', 'assets/img/default_book_cover.jpg'),
(277, 'El Extranjero', 'Meursault, un francés apático en Argel, comete un asesinato sin motivo aparente y se enfrenta a la absurdidad de la existencia durante su juicio.', 'assets/img/default_book_cover.jpg'),
(278, 'La Peste', 'Una epidemia de peste azota la ciudad de Orán, y sus habitantes luchan contra la enfermedad, el aislamiento y la muerte, explorando temas de solidaridad y rebelión.', 'assets/img/default_book_cover.jpg'),
(279, 'El Mito de Sísifo', 'Un ensayo filosófico que explora el concepto del absurdo y la búsqueda de significado en un universo indiferente, utilizando el mito de Sísifo como metáfora.', 'assets/img/default_book_cover.jpg'),
(280, 'La Náusea', 'Antoine Roquentin, un historiador, experimenta una creciente sensación de náusea existencial al enfrentarse a la contingencia y la gratuidad de la existencia.', 'assets/img/default_book_cover.jpg'),
(281, 'El Ser y la Nada', 'Un tratado filosófico fundamental del existencialismo, que explora la conciencia, la libertad, la responsabilidad y la naturaleza de la realidad.', 'assets/img/default_book_cover.jpg'),
(282, 'A Puerta Cerrada', 'Una obra de teatro existencialista donde tres personajes fallecidos son encerrados juntos en una habitación infernal, descubriendo que \"el infierno son los otros\".', 'assets/img/default_book_cover.jpg'),
(283, 'Siddhartha', 'Un joven brahmán indio emprende un viaje espiritual en busca de la iluminación, explorando diferentes caminos y filosofías.', 'assets/img/default_book_cover.jpg'),
(284, 'El Lobo Estepario', 'Harry Haller, un intelectual solitario y atormentado, se siente alienado de la sociedad burguesa y lucha con su doble naturaleza humana y lupina.', 'assets/img/default_book_cover.jpg'),
(285, 'Demian', 'Emil Sinclair, un joven en busca de su identidad, es guiado por el misterioso Max Demian en un viaje de autodescubrimiento y rebelión contra las convenciones.', 'assets/img/default_book_cover.jpg'),
(286, 'La Montaña Mágica', 'Hans Castorp visita a su primo en un sanatorio suizo para tuberculosos y termina quedándose durante siete años, reflexionando sobre la vida, la muerte, el tiempo y la cultura europea.', 'assets/img/default_book_cover.jpg'),
(287, 'Muerte en Venecia', 'Gustav von Aschenbach, un escritor maduro y respetado, viaja a Venecia y se obsesiona con la belleza de un joven polaco, llevándolo a una crisis personal y moral.', 'assets/img/default_book_cover.jpg'),
(288, 'Los Buddenbrook', 'Una saga familiar que narra la decadencia de una próspera familia de comerciantes de Lübeck a lo largo de cuatro generaciones.', 'assets/img/default_book_cover.jpg'),
(289, 'La Insoportable Levedad del Ser', 'Cuatro personajes en la Praga de la Primavera de 1968 exploran el amor, la libertad, el exilio y el peso de las decisiones en un mundo donde todo ocurre una sola vez.', 'assets/img/default_book_cover.jpg'),
(290, 'La Broma', 'Ludvik Jahn envía una postal con una broma política que arruina su vida, y años después busca venganza, explorando temas de memoria, culpa y humor negro.', 'assets/img/default_book_cover.jpg'),
(291, 'El Libro de la Risa y el Olvido', 'Una novela en siete partes que combina historias, reflexiones y ensayos sobre la memoria, el olvido, el totalitarismo y la condición humana.', 'assets/img/default_book_cover.jpg'),
(292, 'Las Ciudades Invisibles', 'Marco Polo describe al emperador Kublai Kan una serie de ciudades imaginarias, cada una representando diferentes aspectos de la experiencia urbana y la condición humana.', 'assets/img/default_book_cover.jpg'),
(293, 'Si una noche de invierno un viajero', 'Una novela experimental sobre la lectura y la escritura, donde el Lector intenta leer una novela que se interrumpe constantemente, llevándolo a otras novelas inacabadas.', 'assets/img/default_book_cover.jpg'),
(294, 'El Barón Rampante', 'Cosimo Piovasco di Rondò, un joven noble del siglo XVIII, decide subirse a un árbol y pasar el resto de su vida en las alturas, observando el mundo desde una perspectiva única.', 'assets/img/default_book_cover.jpg'),
(295, 'El Nombre de la Rosa', 'En una abadía medieval, el fraile franciscano Guillermo de Baskerville investiga una serie de misteriosos asesinatos, utilizando la lógica y la semiótica.', 'assets/img/default_book_cover.jpg'),
(296, 'El Péndulo de Foucault', 'Tres editores inventan una conspiración global de sociedades secretas como un juego intelectual, pero su creación se vuelve peligrosamente real.', 'assets/img/default_book_cover.jpg'),
(297, 'Baudolino', 'Baudolino, un campesino italiano del siglo XII con una imaginación prodigiosa, narra sus fantásticas aventuras y su papel en la historia medieval.', 'assets/img/default_book_cover.jpg'),
(298, 'Ensayo sobre la Ceguera', 'Una epidemia de ceguera blanca se propaga inexplicablemente, sumiendo a la sociedad en el caos y revelando la fragilidad de la civilización.', 'assets/img/default_book_cover.jpg'),
(299, 'El Evangelio según Jesucristo', 'Una reinterpretación humanista y controvertida de la vida de Jesús, explorando sus dudas, sus relaciones y su papel en un plan divino.', 'assets/img/default_book_cover.jpg'),
(300, 'Memorial del Convento', 'La historia de la construcción del convento de Mafra en el Portugal del siglo XVIII, entrelazada con las vidas de personajes como el rey, un soldado manco y una mujer con poderes visionarios.', 'assets/img/default_book_cover.jpg'),
(301, 'Mi Absoluto Darling', 'Turtle Alveston, una joven de catorce años, vive aislada con su carismático pero abusivo padre, y lucha por encontrar su propia identidad y escapar de su control.', 'assets/img/default_book_cover.jpg'),
(302, 'The Possessed', 'Una exploración temprana de temas similares a los de \"Mi Absoluto Darling\", focusing on complex family dynamics.', 'assets/img/default_book_cover.jpg'),
(303, 'Short Stories Collection (Fictional)', 'Una colección ficticia de cuentos que exploran temas de supervivencia y resiliencia en entornos difíciles.', 'assets/img/default_book_cover.jpg'),
(304, 'El Marciano', 'El astronauta Mark Watney es dado por muerto y abandonado en Marte, y debe usar su ingenio y conocimientos científicos para sobrevivir hasta que pueda ser rescatado.', 'assets/img/default_book_cover.jpg'),
(305, 'Artemisa', 'Jazz Bashara, una contrabandista en la primera ciudad lunar, Artemisa, se ve envuelta en una conspiración que podría cambiar el futuro de la colonia.', 'assets/img/default_book_cover.jpg'),
(306, 'Proyecto Hail Mary', 'Ryland Grace despierta de un coma sin memoria en una nave espacial, con la misión de salvar a la Tierra de una catástrofe inminente.', 'assets/img/default_book_cover.jpg'),
(307, 'El Problema de los Tres Cuerpos (Trilogía de los Tres Cuerpos 1)', 'Una civilización alienígena al borde de la destrucción planea invadir la Tierra, mientras diferentes facciones humanas reaccionan a la inminente amenaza.', 'assets/img/default_book_cover.jpg'),
(308, 'El Bosque Oscuro (Trilogía de los Tres Cuerpos 2)', 'La humanidad se prepara para la invasión trisolariana, desarrollando el Proyecto Vallado para ocultar sus estrategias de los sofisticados métodos de espionaje alienígena.', 'assets/img/default_book_cover.jpg'),
(309, 'El Fin de la Muerte (Trilogía de los Tres Cuerpos 3)', 'La conclusión épica de la trilogía, que abarca vastas extensiones de tiempo y espacio, explorando el destino final del universo y la humanidad.', 'assets/img/default_book_cover.jpg'),
(310, 'La Quinta Estación (La Tierra Fragmentada 1)', 'En un mundo plagado de cataclismos geológicos, Essun, una orogén (persona con la capacidad de controlar la energía terrestre), busca a su hija secuestrada.', 'assets/img/default_book_cover.jpg'),
(311, 'El Portal de los Obeliscos (La Tierra Fragmentada 2)', 'Essun continúa su búsqueda mientras el mundo se desmorona, descubriendo más sobre los misteriosos obeliscos flotantes y la historia de los orogenes.', 'assets/img/default_book_cover.jpg'),
(312, 'El Cielo de Piedra (La Tierra Fragmentada 3)', 'La conclusión de la trilogía, donde Essun debe tomar decisiones cruciales que afectarán el destino de la Tierra y de toda la humanidad.', 'assets/img/default_book_cover.jpg'),
(313, 'Gideon la Novena (La Tumba Sellada 1)', 'Gideon Nav, una espadachina irreverente, es obligada a servir como cavalier de la nigromante Harrowhark Nonagesimus en una competición mortal entre las casas nigrománticas.', 'assets/img/default_book_cover.jpg'),
(314, 'Harrow la Novena (La Tumba Sellada 2)', 'Tras los eventos de la primera novela, Harrowhark Nonagesimus lucha por sobrevivir y recordar su pasado mientras sirve al Emperador Nigromante.', 'assets/img/default_book_cover.jpg'),
(315, 'Nona la Novena (La Tumba Sellada 3)', 'Nona, una joven amable y confundida, intenta vivir una vida normal en una ciudad sitiada, mientras fuerzas poderosas la buscan y su verdadera identidad es un misterio.', 'assets/img/default_book_cover.jpg'),
(316, 'El rastro del relámpago (El Sexto Mundo 1)', 'En un mundo postapocalíptico donde los dioses y monstruos navajos caminan por la tierra, Maggie Hoskie, una cazadora de monstruos, se enfrenta a una nueva amenaza.', 'assets/img/default_book_cover.jpg'),
(317, 'Tormenta de langostas (El Sexto Mundo 2)', 'Maggie Hoskie y el curandero Kai Arviso investigan una serie de extraños sucesos y cultos siniestros que amenazan Dinétah.', 'assets/img/default_book_cover.jpg'),
(318, 'Black Sun (Entre la Tierra y el Cielo 1)', 'En una ciudad inspirada en las civilizaciones precolombinas, varios personajes se ven envueltos en intrigas políticas y profecías mientras se acerca un eclipse solar.', 'assets/img/default_book_cover.jpg');

-- --------------------------------------------------------

--
-- Estructura de tabla para la tabla `books_genres`
--

CREATE TABLE `books_genres` (
  `id` int(11) NOT NULL,
  `id_book` int(11) NOT NULL,
  `id_genre` int(11) NOT NULL
) ENGINE=InnoDB DEFAULT CHARSET=utf8mb4 COLLATE=utf8mb4_general_ci;

--
-- Volcado de datos para la tabla `books_genres`
--

INSERT INTO `books_genres` (`id`, `id_book`, `id_genre`) VALUES
(6, 2, 1),
(7, 2, 3),
(8, 2, 10),
(9, 2, 23),
(10, 2, 32),
(11, 2, 73),
(12, 3, 1),
(13, 3, 3),
(14, 3, 10),
(15, 3, 20),
(16, 3, 31),
(17, 3, 126),
(18, 4, 1),
(19, 4, 3),
(20, 4, 10),
(21, 4, 18),
(22, 4, 19),
(23, 4, 25),
(24, 5, 1),
(25, 5, 3),
(26, 5, 10),
(27, 5, 25),
(28, 6, 1),
(29, 6, 3),
(30, 6, 25),
(31, 6, 32),
(32, 7, 1),
(33, 7, 3),
(34, 7, 11),
(35, 7, 25),
(36, 7, 28),
(37, 8, 1),
(38, 8, 3),
(39, 8, 11),
(40, 8, 25),
(41, 8, 28),
(42, 9, 1),
(43, 9, 3),
(44, 9, 11),
(45, 9, 25),
(46, 9, 28),
(47, 10, 1),
(48, 10, 4),
(49, 10, 34),
(50, 10, 126),
(51, 11, 1),
(52, 11, 4),
(53, 11, 34),
(54, 11, 36),
(55, 12, 1),
(56, 12, 4),
(57, 12, 34),
(58, 12, 41),
(59, 13, 1),
(60, 13, 4),
(61, 13, 34),
(62, 13, 36),
(63, 13, 42),
(64, 14, 1),
(65, 14, 4),
(66, 14, 5),
(67, 14, 34),
(68, 14, 42),
(69, 15, 1),
(70, 15, 4),
(71, 15, 35),
(72, 15, 42),
(73, 15, 17),
(74, 16, 1),
(75, 16, 5),
(76, 16, 7),
(77, 16, 45),
(78, 17, 1),
(79, 17, 5),
(80, 17, 6),
(81, 17, 7),
(82, 17, 49),
(83, 18, 1),
(84, 18, 5),
(85, 18, 7),
(86, 18, 45),
(87, 19, 1),
(88, 19, 8),
(89, 19, 57),
(90, 19, 58),
(91, 20, 1),
(92, 20, 8),
(93, 20, 18),
(94, 20, 57),
(95, 20, 58),
(96, 20, 60),
(97, 20, 62),
(98, 21, 1),
(99, 21, 6),
(100, 21, 7),
(101, 21, 8),
(102, 21, 49),
(103, 21, 57),
(104, 22, 1),
(105, 22, 9),
(106, 22, 11),
(107, 22, 13),
(108, 22, 65),
(109, 23, 1),
(110, 23, 9),
(111, 23, 11),
(112, 23, 13),
(113, 23, 65),
(114, 24, 1),
(115, 24, 9),
(116, 24, 11),
(117, 24, 13),
(118, 24, 14),
(119, 24, 15),
(120, 24, 65),
(121, 25, 1),
(122, 25, 11),
(123, 25, 13),
(124, 25, 29),
(125, 26, 1),
(126, 26, 9),
(127, 26, 11),
(128, 26, 13),
(129, 26, 29),
(130, 26, 65),
(131, 27, 1),
(132, 27, 5),
(133, 27, 13),
(134, 27, 29),
(135, 27, 55),
(136, 28, 1),
(137, 28, 5),
(138, 28, 8),
(139, 28, 20),
(140, 28, 56),
(141, 28, 57),
(142, 28, 58),
(143, 28, 126),
(144, 29, 1),
(145, 29, 8),
(146, 29, 23),
(147, 29, 56),
(148, 29, 58),
(149, 30, 1),
(150, 30, 5),
(151, 30, 8),
(152, 30, 10),
(153, 30, 56),
(154, 31, 1),
(155, 31, 13),
(156, 31, 24),
(157, 31, 58),
(158, 32, 1),
(159, 32, 9),
(160, 32, 13),
(161, 32, 24),
(162, 33, 1),
(163, 33, 8),
(164, 33, 13),
(165, 33, 24),
(166, 33, 58),
(167, 34, 1),
(168, 34, 3),
(169, 34, 10),
(170, 34, 18),
(171, 34, 25),
(172, 35, 1),
(173, 35, 4),
(174, 35, 13),
(175, 35, 35),
(176, 35, 42),
(177, 36, 1),
(178, 36, 4),
(179, 36, 13),
(180, 36, 16),
(181, 36, 17),
(182, 36, 35),
(183, 36, 42),
(184, 37, 1),
(185, 37, 4),
(186, 37, 5),
(187, 37, 16),
(188, 37, 37),
(189, 37, 40),
(190, 38, 1),
(191, 38, 4),
(192, 38, 5),
(193, 38, 7),
(194, 38, 35),
(195, 38, 49),
(196, 39, 1),
(197, 39, 4),
(198, 39, 11),
(199, 39, 16),
(200, 39, 44),
(201, 40, 1),
(202, 40, 3),
(203, 40, 4),
(204, 40, 10),
(205, 40, 36),
(206, 40, 42),
(207, 40, 43),
(208, 41, 4),
(209, 41, 36),
(210, 41, 35),
(211, 41, 1),
(212, 42, 4),
(213, 42, 36),
(214, 42, 35),
(215, 42, 1),
(216, 43, 5),
(217, 43, 45),
(218, 43, 1),
(219, 44, 5),
(220, 44, 45),
(221, 44, 58),
(222, 44, 1),
(223, 45, 5),
(224, 45, 45),
(225, 45, 126),
(226, 45, 1),
(227, 46, 8),
(228, 46, 62),
(229, 46, 63),
(230, 46, 58),
(231, 46, 20),
(232, 46, 1),
(233, 47, 8),
(234, 47, 62),
(235, 47, 63),
(236, 47, 58),
(237, 47, 4),
(238, 47, 10),
(239, 47, 1),
(240, 48, 8),
(241, 48, 62),
(242, 48, 63),
(243, 48, 58),
(244, 48, 20),
(245, 48, 1),
(246, 49, 8),
(247, 49, 56),
(248, 49, 58),
(249, 49, 60),
(250, 49, 1),
(251, 50, 8),
(252, 50, 56),
(253, 50, 58),
(254, 50, 60),
(255, 50, 1),
(256, 51, 8),
(257, 51, 58),
(258, 51, 5),
(259, 51, 10),
(260, 51, 1),
(261, 52, 8),
(262, 52, 56),
(263, 52, 4),
(264, 52, 13),
(265, 52, 1),
(266, 53, 4),
(267, 53, 39),
(268, 53, 40),
(269, 53, 1),
(270, 54, 13),
(271, 54, 56),
(272, 54, 1),
(273, 55, 3),
(274, 55, 18),
(275, 55, 26),
(276, 55, 27),
(277, 55, 10),
(278, 55, 1),
(279, 56, 3),
(280, 56, 18),
(281, 56, 26),
(282, 56, 27),
(283, 56, 10),
(284, 56, 5),
(285, 56, 1),
(286, 57, 3),
(287, 57, 18),
(288, 57, 26),
(289, 57, 27),
(290, 57, 10),
(291, 57, 5),
(292, 57, 1),
(293, 58, 3),
(294, 58, 27),
(295, 58, 32),
(296, 58, 29),
(297, 58, 1),
(298, 59, 3),
(299, 59, 28),
(300, 59, 8),
(301, 59, 19),
(302, 59, 124),
(303, 59, 1),
(304, 60, 3),
(305, 60, 25),
(306, 60, 31),
(307, 60, 10),
(308, 60, 9),
(309, 60, 1),
(310, 61, 3),
(311, 61, 25),
(312, 61, 1),
(313, 62, 3),
(314, 62, 25),
(315, 62, 16),
(316, 62, 1),
(317, 63, 3),
(318, 63, 25),
(319, 63, 1),
(320, 64, 3),
(321, 64, 25),
(322, 64, 1),
(323, 65, 3),
(324, 65, 25),
(325, 65, 1),
(326, 66, 3),
(327, 66, 25),
(328, 66, 20),
(329, 66, 1),
(330, 67, 11),
(331, 67, 73),
(332, 67, 1),
(333, 68, 11),
(334, 68, 73),
(335, 68, 1),
(336, 69, 11),
(337, 69, 77),
(338, 69, 1),
(339, 70, 29),
(340, 70, 11),
(341, 70, 13),
(342, 70, 1),
(343, 71, 29),
(344, 71, 13),
(345, 71, 10),
(346, 71, 1),
(347, 72, 2),
(348, 72, 79),
(349, 72, 80),
(350, 73, 13),
(351, 73, 12),
(352, 73, 9),
(353, 73, 1),
(354, 74, 13),
(355, 74, 29),
(356, 74, 3),
(357, 74, 5),
(358, 74, 1),
(359, 75, 13),
(360, 75, 29),
(361, 75, 4),
(362, 75, 35),
(363, 75, 16),
(364, 75, 5),
(365, 75, 1),
(366, 76, 4),
(367, 76, 10),
(368, 76, 1),
(369, 77, 10),
(370, 77, 1),
(371, 78, 4),
(372, 78, 10),
(373, 78, 1),
(374, 79, 4),
(375, 79, 41),
(376, 79, 16),
(377, 79, 1),
(378, 80, 4),
(379, 80, 42),
(380, 80, 39),
(381, 80, 1),
(382, 81, 4),
(383, 81, 8),
(384, 81, 1),
(385, 82, 13),
(386, 82, 11),
(387, 82, 75),
(388, 82, 1),
(389, 83, 13),
(390, 83, 11),
(391, 83, 1),
(392, 84, 13),
(393, 84, 11),
(394, 84, 75),
(395, 84, 1),
(396, 85, 13),
(397, 85, 11),
(398, 85, 77),
(399, 85, 1),
(400, 86, 13),
(401, 86, 9),
(402, 86, 11),
(403, 86, 1),
(404, 87, 13),
(405, 87, 20),
(406, 87, 85),
(407, 87, 1),
(408, 88, 13),
(409, 88, 49),
(410, 88, 86),
(411, 88, 1),
(412, 89, 13),
(413, 89, 85),
(414, 89, 5),
(415, 89, 1),
(416, 90, 13),
(417, 90, 85),
(418, 90, 1),
(419, 91, 13),
(420, 91, 12),
(421, 91, 1),
(422, 92, 13),
(423, 92, 12),
(424, 92, 1),
(425, 93, 13),
(426, 93, 3),
(427, 93, 11),
(428, 93, 15),
(429, 93, 1),
(430, 94, 13),
(431, 94, 10),
(432, 94, 1),
(433, 95, 13),
(434, 95, 11),
(435, 95, 77),
(436, 95, 9),
(437, 95, 1),
(438, 96, 13),
(439, 96, 11),
(440, 96, 77),
(441, 96, 9),
(442, 96, 1),
(443, 97, 13),
(444, 97, 29),
(445, 97, 20),
(446, 97, 1),
(447, 98, 13),
(448, 98, 29),
(449, 98, 15),
(450, 98, 1),
(451, 99, 13),
(452, 99, 29),
(453, 99, 15),
(454, 99, 1),
(455, 100, 4),
(456, 100, 16),
(457, 100, 35),
(458, 100, 88),
(459, 100, 1),
(460, 101, 1),
(461, 101, 15),
(462, 101, 16),
(463, 101, 30),
(464, 102, 2),
(465, 102, 80),
(466, 102, 81),
(467, 102, 110),
(468, 103, 1),
(469, 103, 4),
(470, 103, 16),
(471, 103, 15),
(472, 103, 85),
(473, 104, 2),
(474, 104, 103),
(475, 104, 85),
(476, 104, 86),
(477, 105, 1),
(478, 105, 4),
(479, 105, 17),
(480, 105, 85),
(481, 106, 1),
(482, 106, 4),
(483, 106, 16),
(484, 107, 1),
(485, 107, 4),
(486, 107, 126),
(487, 107, 35),
(488, 108, 1),
(489, 108, 4),
(490, 108, 3),
(491, 108, 8),
(492, 108, 126),
(493, 109, 1),
(494, 109, 4),
(495, 109, 37),
(496, 110, 1),
(497, 110, 4),
(498, 110, 37),
(499, 111, 1),
(500, 111, 4),
(501, 111, 37),
(502, 112, 1),
(503, 112, 3),
(504, 112, 14),
(505, 112, 15),
(506, 112, 10),
(507, 112, 26),
(508, 113, 1),
(509, 113, 3),
(510, 113, 14),
(511, 113, 15),
(512, 113, 26),
(513, 114, 1),
(514, 114, 3),
(515, 114, 14),
(516, 114, 15),
(517, 114, 5),
(518, 114, 26),
(519, 115, 1),
(520, 115, 4),
(521, 115, 14),
(522, 115, 15),
(523, 115, 10),
(524, 115, 36),
(525, 116, 1),
(526, 116, 4),
(527, 116, 14),
(528, 116, 15),
(529, 116, 10),
(530, 117, 1),
(531, 117, 4),
(532, 117, 14),
(533, 117, 15),
(534, 117, 10),
(535, 118, 1),
(536, 118, 4),
(537, 118, 16),
(538, 118, 18),
(539, 118, 10),
(540, 118, 7),
(541, 118, 40),
(542, 119, 1),
(543, 119, 4),
(544, 119, 16),
(545, 119, 18),
(546, 119, 10),
(547, 119, 7),
(548, 120, 1),
(549, 120, 4),
(550, 120, 16),
(551, 120, 18),
(552, 120, 10),
(553, 120, 7),
(554, 120, 77),
(555, 121, 1),
(556, 121, 4),
(557, 121, 16),
(558, 121, 18),
(559, 121, 9),
(560, 121, 10),
(561, 121, 68),
(562, 122, 1),
(563, 122, 4),
(564, 122, 16),
(565, 122, 18),
(566, 122, 9),
(567, 122, 10),
(568, 122, 68),
(569, 123, 1),
(570, 123, 4),
(571, 123, 16),
(572, 123, 18),
(573, 123, 9),
(574, 123, 10),
(575, 123, 68),
(576, 124, 1),
(577, 124, 3),
(578, 124, 27),
(579, 124, 18),
(580, 124, 9),
(581, 124, 10),
(582, 124, 68),
(583, 125, 1),
(584, 125, 3),
(585, 125, 27),
(586, 125, 18),
(587, 125, 9),
(588, 125, 10),
(589, 125, 68),
(590, 126, 1),
(591, 126, 3),
(592, 126, 27),
(593, 126, 18),
(594, 126, 9),
(595, 126, 11),
(596, 126, 38),
(597, 126, 75),
(598, 126, 68),
(599, 127, 1),
(600, 127, 3),
(601, 127, 18),
(602, 127, 10),
(603, 127, 32),
(604, 127, 27),
(605, 128, 1),
(606, 128, 3),
(607, 128, 18),
(608, 128, 10),
(609, 128, 32),
(610, 128, 27),
(611, 129, 1),
(612, 129, 3),
(613, 129, 18),
(614, 129, 10),
(615, 129, 32),
(616, 129, 27),
(617, 130, 1),
(618, 130, 5),
(619, 130, 6),
(620, 130, 9),
(621, 130, 4),
(622, 130, 45),
(623, 130, 70),
(624, 131, 1),
(625, 131, 9),
(626, 131, 3),
(627, 131, 66),
(628, 131, 12),
(629, 132, 1),
(630, 132, 9),
(631, 132, 7),
(632, 132, 70),
(633, 132, 12),
(634, 133, 1),
(635, 133, 9),
(636, 133, 11),
(637, 133, 65),
(638, 134, 1),
(639, 134, 9),
(640, 134, 11),
(641, 134, 65),
(642, 135, 1),
(643, 135, 9),
(644, 135, 11),
(645, 135, 65),
(646, 136, 1),
(647, 136, 9),
(648, 136, 11),
(649, 136, 10),
(650, 136, 3),
(651, 136, 41),
(652, 136, 65),
(653, 137, 1),
(654, 137, 9),
(655, 137, 11),
(656, 137, 10),
(657, 137, 3),
(658, 137, 41),
(659, 137, 65),
(660, 138, 1),
(661, 138, 9),
(662, 138, 11),
(663, 138, 10),
(664, 138, 3),
(665, 138, 41),
(666, 138, 65),
(667, 139, 1),
(668, 139, 5),
(669, 139, 6),
(670, 139, 7),
(671, 139, 49),
(672, 139, 12),
(673, 140, 1),
(674, 140, 5),
(675, 140, 6),
(676, 140, 7),
(677, 140, 49),
(678, 140, 12),
(679, 141, 1),
(680, 141, 5),
(681, 141, 6),
(682, 141, 7),
(683, 141, 12),
(684, 142, 1),
(685, 142, 5),
(686, 142, 6),
(687, 142, 45),
(688, 142, 48),
(689, 143, 1),
(690, 143, 5),
(691, 143, 6),
(692, 143, 45),
(693, 143, 48),
(694, 144, 1),
(695, 144, 5),
(696, 144, 6),
(697, 144, 45),
(698, 144, 48),
(699, 144, 52),
(700, 144, 53),
(701, 145, 1),
(702, 145, 5),
(703, 145, 6),
(704, 145, 45),
(705, 145, 48),
(706, 146, 1),
(707, 146, 5),
(708, 146, 6),
(709, 146, 45),
(710, 146, 48),
(711, 147, 1),
(712, 147, 5),
(713, 147, 6),
(714, 147, 8),
(715, 147, 45),
(716, 147, 48),
(717, 148, 2),
(718, 148, 82),
(719, 148, 108),
(720, 149, 1),
(721, 149, 4),
(722, 149, 34),
(723, 149, 42),
(724, 149, 85),
(725, 150, 2),
(726, 150, 82),
(727, 150, 108),
(728, 150, 85),
(729, 150, 103),
(730, 151, 2),
(731, 151, 82),
(732, 151, 108),
(733, 152, 2),
(734, 152, 82),
(735, 152, 108),
(736, 153, 2),
(737, 153, 82),
(738, 153, 108),
(739, 153, 85),
(740, 153, 103),
(741, 154, 2),
(742, 154, 81),
(743, 154, 87),
(744, 154, 108),
(745, 155, 2),
(746, 155, 81),
(747, 155, 85),
(748, 155, 84),
(749, 155, 87),
(750, 155, 108),
(751, 156, 2),
(752, 156, 103),
(753, 156, 85),
(754, 156, 87),
(755, 156, 88),
(756, 156, 84),
(757, 157, 2),
(758, 157, 85),
(759, 157, 88),
(760, 157, 107),
(761, 158, 2),
(762, 158, 85),
(763, 158, 81),
(764, 158, 107),
(765, 159, 2),
(766, 159, 85),
(767, 159, 107),
(768, 160, 2),
(769, 160, 85),
(770, 160, 107),
(771, 161, 2),
(772, 161, 85),
(773, 161, 88),
(774, 161, 107),
(775, 162, 2),
(776, 162, 85),
(777, 162, 104),
(778, 162, 107),
(779, 163, 2),
(780, 163, 85),
(781, 163, 87),
(782, 163, 103),
(783, 164, 2),
(784, 164, 79),
(785, 164, 80),
(786, 165, 1),
(787, 165, 13),
(788, 165, 85),
(789, 165, 12),
(790, 166, 2),
(791, 166, 85),
(792, 166, 81),
(793, 166, 106),
(794, 166, 88),
(795, 167, 2),
(796, 167, 85),
(797, 167, 81),
(798, 167, 106),
(799, 167, 88),
(800, 168, 2),
(801, 168, 85),
(802, 168, 81),
(803, 168, 106),
(804, 168, 88),
(805, 169, 2),
(806, 169, 85),
(807, 169, 88),
(808, 169, 107),
(809, 170, 2),
(810, 170, 85),
(811, 170, 88),
(812, 170, 81),
(813, 170, 107),
(814, 171, 2),
(815, 171, 85),
(816, 171, 88),
(817, 171, 81),
(818, 171, 106),
(819, 172, 1),
(820, 172, 13),
(821, 172, 12),
(822, 173, 1),
(823, 173, 13),
(824, 173, 12),
(825, 174, 1),
(826, 174, 13),
(827, 174, 12),
(828, 175, 1),
(829, 175, 4),
(830, 175, 16),
(831, 175, 13),
(832, 176, 1),
(833, 176, 11),
(834, 176, 5),
(835, 176, 13),
(836, 176, 55),
(837, 177, 1),
(838, 177, 4),
(839, 177, 16),
(840, 177, 13),
(841, 177, 6),
(842, 178, 1),
(843, 178, 11),
(844, 178, 13),
(845, 179, 1),
(846, 179, 4),
(847, 179, 16),
(848, 179, 13),
(849, 179, 9),
(850, 180, 1),
(851, 180, 4),
(852, 180, 13),
(853, 180, 16),
(854, 181, 1),
(855, 181, 13),
(856, 181, 12),
(857, 181, 9),
(858, 182, 1),
(859, 182, 11),
(860, 182, 13),
(861, 182, 77),
(862, 183, 2),
(863, 183, 103),
(864, 183, 87),
(865, 183, 88),
(866, 184, 1),
(867, 184, 13),
(868, 184, 12),
(869, 185, 1),
(870, 185, 11),
(871, 185, 13),
(872, 185, 52),
(873, 186, 1),
(874, 186, 11),
(875, 186, 13),
(876, 186, 88),
(877, 187, 1),
(878, 187, 5),
(879, 187, 11),
(880, 187, 13),
(881, 187, 9),
(882, 187, 7),
(883, 188, 1),
(884, 188, 5),
(885, 188, 11),
(886, 188, 13),
(887, 188, 6),
(888, 188, 28),
(889, 188, 56),
(890, 189, 1),
(891, 189, 5),
(892, 189, 11),
(893, 189, 13),
(894, 189, 10),
(895, 189, 6),
(896, 190, 1),
(897, 190, 3),
(898, 190, 18),
(899, 190, 10),
(900, 190, 25),
(901, 190, 9),
(902, 191, 1),
(903, 191, 11),
(904, 191, 18),
(905, 191, 10),
(906, 191, 5),
(907, 191, 73),
(908, 192, 1),
(909, 192, 3),
(910, 192, 11),
(911, 192, 9),
(912, 192, 18),
(913, 192, 10),
(914, 192, 73),
(915, 193, 1),
(916, 193, 5),
(917, 193, 11),
(918, 193, 6),
(919, 193, 74),
(920, 194, 1),
(921, 194, 5),
(922, 194, 6),
(923, 194, 11),
(924, 195, 1),
(925, 195, 5),
(926, 195, 11),
(927, 195, 6),
(928, 195, 99),
(929, 196, 1),
(930, 196, 5),
(931, 196, 6),
(932, 196, 13),
(933, 196, 10),
(934, 197, 1),
(935, 197, 6),
(936, 197, 12),
(937, 197, 48),
(938, 197, 55),
(939, 198, 1),
(940, 198, 11),
(941, 198, 10),
(942, 198, 33),
(943, 199, 1),
(944, 199, 13),
(945, 199, 85),
(946, 199, 103),
(947, 199, 23),
(948, 199, 80),
(949, 200, 1),
(950, 200, 23),
(951, 200, 13),
(952, 201, 1),
(953, 201, 23),
(954, 201, 13),
(955, 202, 1),
(956, 202, 23),
(957, 202, 9),
(958, 202, 13),
(959, 203, 1),
(960, 203, 23),
(961, 203, 11),
(962, 203, 13),
(963, 203, 88),
(964, 204, 1),
(965, 204, 23),
(966, 204, 13),
(967, 205, 1),
(968, 205, 23),
(969, 205, 13),
(970, 206, 1),
(971, 206, 24),
(972, 206, 13),
(973, 207, 1),
(974, 207, 24),
(975, 207, 13),
(976, 208, 1),
(977, 208, 23),
(978, 208, 13),
(979, 209, 1),
(980, 209, 23),
(981, 209, 13),
(982, 210, 1),
(983, 210, 23),
(984, 210, 13),
(985, 211, 1),
(986, 211, 126),
(987, 211, 13),
(988, 211, 29),
(989, 211, 3),
(990, 211, 5),
(991, 212, 1),
(992, 212, 126),
(993, 212, 13),
(994, 212, 29),
(995, 212, 3),
(996, 213, 1),
(997, 213, 126),
(998, 213, 13),
(999, 213, 55),
(1000, 214, 1),
(1001, 214, 13),
(1002, 214, 29),
(1003, 214, 12),
(1004, 215, 1),
(1005, 215, 126),
(1006, 215, 13),
(1007, 215, 29),
(1008, 215, 3),
(1009, 216, 1),
(1010, 216, 126),
(1011, 216, 13),
(1012, 216, 14),
(1013, 216, 29),
(1014, 217, 1),
(1015, 217, 23),
(1016, 217, 10),
(1017, 217, 32),
(1018, 217, 72),
(1019, 217, 77),
(1020, 218, 1),
(1021, 218, 23),
(1022, 218, 10),
(1023, 218, 32),
(1024, 218, 72),
(1025, 219, 1),
(1026, 219, 23),
(1027, 219, 32),
(1028, 219, 72),
(1029, 219, 111),
(1030, 220, 1),
(1031, 220, 23),
(1032, 220, 10),
(1033, 220, 32),
(1034, 220, 72),
(1035, 221, 1),
(1036, 221, 23),
(1037, 221, 72),
(1038, 221, 113),
(1039, 222, 1),
(1040, 222, 23),
(1041, 222, 72),
(1042, 222, 113),
(1043, 222, 106),
(1044, 223, 1),
(1045, 223, 23),
(1046, 223, 3),
(1047, 223, 10),
(1048, 223, 28),
(1049, 223, 111),
(1050, 223, 73),
(1051, 224, 1),
(1052, 224, 23),
(1053, 224, 3),
(1054, 224, 10),
(1055, 224, 111),
(1056, 224, 73),
(1057, 225, 1),
(1058, 225, 23),
(1059, 225, 3),
(1060, 225, 10),
(1061, 225, 111),
(1062, 225, 73),
(1063, 225, 17),
(1064, 226, 1),
(1065, 226, 13),
(1066, 226, 10),
(1067, 226, 14),
(1068, 226, 15),
(1069, 226, 11),
(1070, 226, 74),
(1071, 227, 1),
(1072, 227, 13),
(1073, 227, 10),
(1074, 227, 14),
(1075, 227, 15),
(1076, 227, 11),
(1077, 227, 74),
(1078, 228, 1),
(1079, 228, 126),
(1080, 228, 13),
(1081, 228, 11),
(1082, 228, 74),
(1083, 232, 1),
(1084, 232, 11),
(1085, 232, 13),
(1086, 232, 88),
(1087, 233, 1),
(1088, 233, 11),
(1089, 233, 13),
(1090, 233, 9),
(1091, 233, 56),
(1092, 234, 1),
(1093, 234, 11),
(1094, 234, 13),
(1095, 234, 88),
(1096, 235, 1),
(1097, 235, 10),
(1098, 235, 11),
(1099, 235, 74),
(1100, 236, 1),
(1101, 236, 10),
(1102, 236, 11),
(1103, 236, 7),
(1104, 237, 1),
(1105, 237, 10),
(1106, 237, 11),
(1107, 237, 65),
(1108, 237, 74),
(1109, 238, 1),
(1110, 238, 10),
(1111, 238, 18),
(1112, 238, 14),
(1113, 238, 11),
(1114, 239, 1),
(1115, 239, 10),
(1116, 239, 18),
(1117, 239, 13),
(1118, 239, 15),
(1119, 239, 11),
(1120, 240, 1),
(1121, 240, 4),
(1122, 240, 41),
(1123, 240, 10),
(1124, 240, 11),
(1125, 240, 14),
(1126, 240, 15),
(1127, 241, 1),
(1128, 241, 13),
(1129, 241, 56),
(1130, 241, 85),
(1131, 241, 3),
(1132, 241, 28),
(1133, 242, 1),
(1134, 242, 24),
(1135, 242, 14),
(1136, 242, 15),
(1137, 242, 13),
(1138, 243, 1),
(1139, 243, 20),
(1140, 243, 14),
(1141, 243, 3),
(1142, 243, 58),
(1143, 243, 19),
(1144, 244, 1),
(1145, 244, 3),
(1146, 244, 10),
(1147, 244, 19),
(1148, 244, 14),
(1149, 244, 13),
(1150, 245, 1),
(1151, 245, 3),
(1152, 245, 10),
(1153, 245, 19),
(1154, 245, 14),
(1155, 245, 13),
(1156, 246, 1),
(1157, 246, 23),
(1158, 246, 14),
(1159, 246, 10),
(1160, 246, 3),
(1161, 247, 1),
(1162, 247, 19),
(1163, 247, 3),
(1164, 247, 14),
(1165, 247, 124),
(1166, 248, 1),
(1167, 248, 19),
(1168, 248, 3),
(1169, 248, 14),
(1170, 248, 124),
(1171, 249, 1),
(1172, 249, 19),
(1173, 249, 3),
(1174, 249, 28),
(1175, 249, 8),
(1176, 249, 124),
(1177, 250, 1),
(1178, 250, 19),
(1179, 250, 3),
(1180, 250, 85),
(1181, 250, 30),
(1182, 251, 1),
(1183, 251, 10),
(1184, 251, 13),
(1185, 251, 11),
(1186, 252, 2),
(1187, 252, 80),
(1188, 252, 10),
(1189, 252, 85),
(1190, 252, 103),
(1191, 253, 1),
(1192, 253, 3),
(1193, 253, 25),
(1194, 253, 10),
(1195, 253, 18),
(1196, 253, 111),
(1197, 254, 2),
(1198, 254, 111),
(1199, 254, 85),
(1200, 254, 103),
(1201, 255, 1),
(1202, 255, 15),
(1203, 255, 111),
(1204, 255, 85),
(1205, 255, 3),
(1206, 256, 1),
(1207, 256, 13),
(1208, 256, 85),
(1209, 256, 88),
(1210, 256, 89),
(1211, 256, 16),
(1212, 257, 1),
(1213, 257, 13),
(1214, 257, 85),
(1215, 257, 9),
(1216, 258, 1),
(1217, 258, 16),
(1218, 258, 85),
(1219, 258, 4),
(1220, 259, 1),
(1221, 259, 13),
(1222, 259, 11),
(1223, 259, 87),
(1224, 259, 88),
(1225, 260, 1),
(1226, 260, 13),
(1227, 260, 11),
(1228, 260, 87),
(1229, 261, 1),
(1230, 261, 13),
(1231, 261, 11),
(1232, 262, 1),
(1233, 262, 13),
(1234, 262, 12),
(1235, 262, 11),
(1236, 263, 1),
(1237, 263, 13),
(1238, 263, 12),
(1239, 264, 1),
(1240, 264, 13),
(1241, 264, 12),
(1242, 265, 2),
(1243, 265, 117),
(1244, 265, 109),
(1245, 265, 110),
(1246, 265, 13),
(1247, 266, 1),
(1248, 266, 13),
(1249, 266, 12),
(1250, 266, 69),
(1251, 267, 1),
(1252, 267, 126),
(1253, 267, 13),
(1254, 267, 2),
(1255, 267, 80),
(1256, 267, 110),
(1257, 268, 1),
(1258, 268, 13),
(1259, 268, 11),
(1260, 268, 18),
(1261, 268, 50),
(1262, 269, 1),
(1263, 269, 13),
(1264, 269, 11),
(1265, 270, 2),
(1266, 270, 104),
(1267, 270, 103),
(1268, 270, 78),
(1269, 271, 1),
(1270, 271, 13),
(1271, 271, 86),
(1272, 271, 79),
(1273, 272, 1),
(1274, 272, 23),
(1275, 272, 13),
(1276, 273, 1),
(1277, 273, 23),
(1278, 273, 13),
(1279, 274, 1),
(1280, 274, 13),
(1281, 274, 12),
(1282, 275, 1),
(1283, 275, 126),
(1284, 275, 13),
(1285, 275, 12),
(1286, 276, 1),
(1287, 276, 13),
(1288, 276, 79),
(1289, 277, 1),
(1290, 277, 13),
(1291, 277, 85),
(1292, 278, 1),
(1293, 278, 13),
(1294, 278, 85),
(1295, 278, 16),
(1296, 279, 2),
(1297, 279, 103),
(1298, 279, 85),
(1299, 280, 1),
(1300, 280, 13),
(1301, 280, 85),
(1302, 281, 2),
(1303, 281, 85),
(1304, 281, 107),
(1305, 282, 1),
(1306, 282, 24),
(1307, 282, 13),
(1308, 282, 85),
(1309, 283, 1),
(1310, 283, 13),
(1311, 283, 85),
(1312, 283, 112),
(1313, 283, 11),
(1314, 284, 1),
(1315, 284, 13),
(1316, 284, 85),
(1317, 284, 29),
(1318, 284, 86),
(1319, 285, 1),
(1320, 285, 13),
(1321, 285, 85),
(1322, 285, 86),
(1323, 286, 1),
(1324, 286, 13),
(1325, 286, 85),
(1326, 286, 11),
(1327, 287, 1),
(1328, 287, 13),
(1329, 287, 85),
(1330, 288, 1),
(1331, 288, 13),
(1332, 288, 11),
(1333, 288, 87),
(1334, 289, 1),
(1335, 289, 13),
(1336, 289, 85),
(1337, 289, 11),
(1338, 289, 9),
(1339, 290, 1),
(1340, 290, 13),
(1341, 290, 85),
(1342, 290, 15),
(1343, 290, 11),
(1344, 290, 14),
(1345, 291, 1),
(1346, 291, 13),
(1347, 291, 85),
(1348, 291, 11),
(1349, 291, 14),
(1350, 292, 1),
(1351, 292, 13),
(1352, 292, 3),
(1353, 292, 85),
(1354, 292, 23),
(1355, 293, 1),
(1356, 293, 13),
(1357, 293, 10),
(1358, 293, 5),
(1359, 294, 1),
(1360, 294, 13),
(1361, 294, 3),
(1362, 294, 10),
(1363, 294, 11),
(1364, 294, 30),
(1365, 295, 1),
(1366, 295, 11),
(1367, 295, 73),
(1368, 295, 5),
(1369, 295, 45),
(1370, 295, 13),
(1371, 295, 6),
(1372, 296, 1),
(1373, 296, 13),
(1374, 296, 6),
(1375, 296, 5),
(1376, 296, 11),
(1377, 296, 85),
(1378, 297, 1),
(1379, 297, 13),
(1380, 297, 11),
(1381, 297, 73),
(1382, 297, 10),
(1383, 297, 14),
(1384, 298, 1),
(1385, 298, 13),
(1386, 298, 16),
(1387, 298, 85),
(1388, 298, 39),
(1389, 299, 1),
(1390, 299, 13),
(1391, 299, 11),
(1392, 299, 111),
(1393, 299, 85),
(1394, 299, 44),
(1395, 300, 11),
(1396, 300, 29),
(1397, 300, 13),
(1398, 300, 9),
(1399, 301, 12),
(1400, 301, 13),
(1401, 301, 7),
(1402, 302, 13),
(1403, 302, 11),
(1404, 302, 49),
(1405, 302, 1),
(1406, 303, 1),
(1407, 303, 126),
(1408, 304, 4),
(1409, 304, 34),
(1410, 304, 10),
(1411, 304, 7),
(1412, 304, 14),
(1413, 305, 4),
(1414, 305, 6),
(1415, 305, 10),
(1416, 305, 14),
(1417, 306, 4),
(1418, 306, 34),
(1419, 306, 36),
(1420, 306, 42),
(1421, 306, 5),
(1422, 306, 10),
(1423, 307, 4),
(1424, 307, 34),
(1425, 307, 42),
(1426, 307, 11),
(1427, 307, 5),
(1428, 308, 4),
(1429, 308, 34),
(1430, 308, 42),
(1431, 308, 36),
(1432, 308, 7),
(1433, 309, 4),
(1434, 309, 34),
(1435, 309, 42),
(1436, 309, 36),
(1437, 309, 41),
(1438, 309, 39),
(1439, 310, 3),
(1440, 310, 4),
(1441, 310, 28),
(1442, 310, 40),
(1443, 310, 16),
(1444, 311, 3),
(1445, 311, 4),
(1446, 311, 28),
(1447, 311, 40),
(1448, 311, 16),
(1449, 312, 3),
(1450, 312, 4),
(1451, 312, 28),
(1452, 312, 40),
(1453, 312, 16),
(1454, 313, 3),
(1455, 313, 4),
(1456, 313, 28),
(1457, 313, 5),
(1458, 313, 8),
(1459, 313, 56),
(1460, 313, 14),
(1461, 314, 3),
(1462, 314, 4),
(1463, 314, 28),
(1464, 314, 5),
(1465, 314, 8),
(1466, 314, 57),
(1467, 314, 14),
(1468, 315, 3),
(1469, 315, 4),
(1470, 315, 28),
(1471, 315, 5),
(1472, 315, 12),
(1473, 315, 14),
(1474, 316, 3),
(1475, 316, 27),
(1476, 316, 40),
(1477, 316, 32),
(1478, 316, 10),
(1479, 317, 3),
(1480, 317, 27),
(1481, 317, 40),
(1482, 317, 32),
(1483, 317, 10),
(1484, 318, 3),
(1485, 318, 25),
(1486, 318, 32),
(1487, 318, 10),
(1528, 1, 1),
(1529, 1, 11),
(1530, 1, 23),
(1531, 1, 73);

-- --------------------------------------------------------

--
-- Estructura de tabla para la tabla `books_published`
--

CREATE TABLE `books_published` (
  `id` int(11) NOT NULL,
  `id_book` int(11) NOT NULL,
  `id_author` int(11) NOT NULL
) ENGINE=InnoDB DEFAULT CHARSET=utf8mb4 COLLATE=utf8mb4_general_ci;

--
-- Volcado de datos para la tabla `books_published`
--

INSERT INTO `books_published` (`id`, `id_book`, `id_author`) VALUES
(30, 2, 2),
(31, 3, 2),
(32, 4, 3),
(33, 5, 3),
(34, 6, 3),
(35, 7, 4),
(36, 8, 4),
(37, 9, 4),
(38, 10, 5),
(39, 11, 5),
(40, 12, 5),
(41, 13, 6),
(42, 14, 6),
(43, 15, 6),
(44, 16, 7),
(45, 17, 7),
(46, 18, 7),
(47, 19, 8),
(48, 20, 8),
(49, 21, 8),
(50, 22, 9),
(51, 23, 9),
(52, 24, 9),
(53, 25, 10),
(54, 26, 10),
(55, 27, 10),
(56, 28, 11),
(57, 29, 11),
(58, 30, 11),
(59, 31, 12),
(60, 32, 12),
(61, 33, 12),
(62, 34, 13),
(63, 35, 13),
(64, 36, 13),
(65, 37, 14),
(66, 38, 14),
(67, 39, 14),
(68, 40, 15),
(69, 41, 15),
(70, 42, 15),
(71, 43, 16),
(72, 44, 16),
(73, 45, 16),
(74, 46, 17),
(75, 47, 17),
(76, 48, 17),
(77, 49, 18),
(78, 50, 18),
(79, 51, 18),
(80, 52, 19),
(81, 53, 19),
(82, 54, 19),
(83, 55, 20),
(84, 56, 20),
(85, 57, 20),
(86, 58, 21),
(87, 59, 21),
(88, 60, 21),
(89, 61, 22),
(90, 62, 22),
(91, 63, 22),
(92, 64, 23),
(93, 65, 23),
(94, 66, 23),
(95, 67, 24),
(96, 68, 24),
(97, 69, 24),
(98, 70, 25),
(99, 71, 25),
(100, 72, 25),
(101, 73, 26),
(102, 74, 26),
(103, 75, 26),
(104, 76, 27),
(105, 77, 27),
(106, 78, 27),
(107, 79, 28),
(108, 80, 28),
(109, 81, 28),
(110, 82, 29),
(111, 83, 29),
(112, 84, 29),
(113, 85, 30),
(114, 86, 30),
(115, 87, 30),
(116, 88, 31),
(117, 89, 31),
(118, 90, 31),
(119, 91, 32),
(120, 92, 32),
(121, 93, 32),
(122, 94, 33),
(123, 95, 33),
(124, 96, 33),
(125, 97, 34),
(126, 98, 34),
(127, 99, 34),
(128, 100, 35),
(129, 101, 35),
(130, 102, 35),
(131, 103, 36),
(132, 104, 36),
(133, 105, 36),
(134, 106, 37),
(135, 107, 37),
(136, 108, 37),
(137, 109, 38),
(138, 110, 38),
(139, 111, 38),
(140, 112, 39),
(141, 113, 39),
(142, 114, 39),
(143, 115, 40),
(144, 116, 40),
(145, 117, 40),
(146, 118, 41),
(147, 119, 41),
(148, 120, 41),
(149, 121, 42),
(150, 122, 42),
(151, 123, 42),
(152, 124, 43),
(153, 125, 43),
(154, 126, 43),
(155, 127, 44),
(156, 128, 44),
(157, 129, 44),
(158, 130, 45),
(159, 131, 45),
(160, 132, 45),
(161, 133, 46),
(162, 134, 46),
(163, 135, 46),
(164, 136, 47),
(165, 137, 47),
(166, 138, 47),
(167, 139, 48),
(168, 140, 48),
(169, 141, 48),
(170, 142, 49),
(171, 143, 49),
(172, 144, 49),
(173, 145, 50),
(174, 146, 50),
(175, 147, 50),
(176, 148, 51),
(177, 149, 51),
(178, 150, 51),
(179, 151, 52),
(180, 152, 52),
(181, 153, 52),
(182, 154, 53),
(183, 155, 53),
(184, 156, 53),
(185, 157, 54),
(186, 158, 54),
(187, 159, 54),
(188, 160, 55),
(189, 161, 55),
(190, 162, 55),
(191, 163, 56),
(192, 164, 56),
(193, 165, 56),
(194, 166, 57),
(195, 167, 57),
(196, 168, 57),
(197, 169, 58),
(198, 170, 58),
(199, 171, 58),
(200, 172, 59),
(201, 173, 59),
(202, 174, 59),
(203, 175, 60),
(204, 176, 60),
(205, 177, 60),
(206, 178, 61),
(207, 179, 61),
(208, 180, 61),
(209, 181, 62),
(210, 182, 62),
(211, 183, 62),
(212, 184, 63),
(213, 185, 63),
(214, 186, 63),
(215, 187, 64),
(216, 188, 64),
(217, 189, 64),
(218, 190, 65),
(219, 191, 65),
(220, 192, 65),
(221, 193, 66),
(222, 194, 66),
(223, 195, 66),
(224, 196, 67),
(225, 197, 67),
(226, 198, 67),
(227, 199, 68),
(228, 200, 68),
(229, 201, 68),
(230, 202, 69),
(231, 203, 69),
(232, 204, 69),
(233, 205, 70),
(234, 206, 70),
(235, 207, 70),
(236, 208, 71),
(237, 209, 71),
(238, 210, 71),
(239, 211, 72),
(240, 212, 72),
(241, 213, 72),
(242, 214, 73),
(243, 215, 73),
(244, 216, 73),
(245, 217, 74),
(246, 218, 74),
(247, 219, 74),
(248, 220, 75),
(249, 221, 75),
(250, 222, 75),
(251, 223, 76),
(252, 224, 76),
(253, 225, 76),
(254, 226, 77),
(255, 227, 77),
(256, 228, 77),
(257, 232, 79),
(258, 233, 79),
(259, 234, 79),
(260, 235, 80),
(261, 236, 80),
(262, 237, 80),
(263, 238, 81),
(264, 239, 81),
(265, 240, 81),
(266, 241, 82),
(267, 242, 82),
(268, 243, 82),
(269, 244, 83),
(270, 245, 83),
(271, 246, 83),
(272, 247, 84),
(273, 248, 84),
(274, 249, 84),
(275, 250, 85),
(276, 251, 85),
(277, 252, 85),
(278, 253, 86),
(279, 254, 86),
(280, 255, 86),
(281, 256, 87),
(282, 257, 87),
(283, 258, 87),
(284, 259, 88),
(285, 260, 88),
(286, 261, 88),
(287, 262, 89),
(288, 263, 89),
(289, 264, 89),
(290, 265, 90),
(291, 266, 90),
(292, 267, 90),
(293, 268, 91),
(294, 269, 91),
(295, 270, 91),
(296, 271, 92),
(297, 272, 92),
(298, 273, 92),
(299, 274, 93),
(300, 275, 93),
(301, 276, 93),
(302, 277, 94),
(303, 278, 94),
(304, 279, 94),
(305, 280, 95),
(306, 281, 95),
(307, 282, 95),
(308, 283, 96),
(309, 284, 96),
(310, 285, 96),
(311, 286, 97),
(312, 287, 97),
(313, 288, 97),
(314, 289, 98),
(315, 290, 98),
(316, 291, 98),
(317, 292, 99),
(318, 293, 99),
(319, 294, 99),
(320, 295, 100),
(321, 296, 100),
(322, 297, 100),
(323, 298, 101),
(324, 299, 101),
(325, 300, 101),
(326, 301, 102),
(327, 302, 102),
(328, 303, 102),
(329, 304, 103),
(330, 305, 103),
(331, 306, 103),
(332, 307, 104),
(333, 308, 104),
(334, 309, 104),
(335, 310, 105),
(336, 311, 105),
(337, 312, 105),
(338, 313, 106),
(339, 314, 106),
(340, 315, 106),
(341, 316, 107),
(342, 317, 107),
(343, 318, 107),
(360, 1, 2);

-- --------------------------------------------------------

--
-- Estructura de tabla para la tabla `books_users_saved`
--

CREATE TABLE `books_users_saved` (
  `id` int(11) NOT NULL,
  `id_user` int(11) NOT NULL,
  `id_book` int(11) NOT NULL,
  `status` varchar(50) NOT NULL
) ENGINE=InnoDB DEFAULT CHARSET=utf8mb4 COLLATE=utf8mb4_general_ci;

--
-- Volcado de datos para la tabla `books_users_saved`
--

INSERT INTO `books_users_saved` (`id`, `id_user`, `id_book`, `status`) VALUES
(1, 1, 1, 'reading'),
(2, 7, 4, 'want to read'),
(3, 7, 5, 'want to read'),
(4, 7, 6, 'want to read'),
(5, 7, 7, 'want to read'),
(6, 7, 8, 'want to read'),
(7, 7, 9, 'want to read'),
(8, 7, 34, 'want to read'),
(9, 7, 40, 'want to read'),
(11, 7, 65, 'reading'),
(12, 7, 106, 'want to read'),
(13, 7, 307, 'want to read'),
(14, 7, 310, 'want to read'),
(15, 8, 3, 'want to read'),
(16, 8, 28, 'want to read'),
(17, 8, 29, 'want to read'),
(18, 8, 46, 'want to read'),
(19, 8, 47, 'want to read'),
(20, 8, 49, 'want to read'),
(21, 8, 52, 'want to read'),
(22, 8, 112, 'want to read'),
(23, 8, 113, 'want to read'),
(24, 8, 244, 'want to read'),
(25, 8, 253, 'want to read'),
(26, 8, 218, 'want to read'),
(28, 9, 26, 'want to read'),
(29, 9, 27, 'want to read'),
(30, 9, 175, 'want to read'),
(31, 9, 181, 'want to read'),
(32, 9, 182, 'want to read'),
(33, 9, 184, 'want to read'),
(34, 9, 202, 'want to read'),
(35, 9, 211, 'want to read'),
(37, 9, 207, 'want to read'),
(38, 9, 91, 'want to read'),
(39, 10, 37, 'want to read'),
(40, 10, 38, 'want to read'),
(41, 10, 39, 'want to read'),
(44, 10, 211, 'want to read'),
(45, 10, 212, 'want to read'),
(46, 10, 262, 'want to read'),
(47, 10, 277, 'want to read'),
(48, 10, 292, 'want to read'),
(49, 10, 293, 'want to read'),
(50, 10, 180, 'want to read'),
(51, 11, 70, 'want to read'),
(52, 11, 91, 'want to read'),
(53, 11, 163, 'want to read'),
(54, 11, 175, 'want to read'),
(55, 11, 177, 'want to read'),
(56, 11, 178, 'want to read'),
(57, 11, 179, 'want to read'),
(58, 11, 268, 'want to read'),
(59, 11, 271, 'want to read'),
(61, 11, 86, 'want to read'),
(62, 11, 154, 'want to read'),
(63, 2, 55, 'want to read'),
(64, 2, 56, 'want to read'),
(65, 2, 57, 'want to read'),
(66, 2, 118, 'want to read'),
(67, 2, 119, 'want to read'),
(68, 2, 127, 'want to read'),
(69, 2, 133, 'want to read'),
(70, 2, 136, 'want to read'),
(71, 2, 139, 'want to read'),
(72, 2, 142, 'want to read'),
(74, 2, 304, 'want to read'),
(75, 1, 10, 'want to read'),
(77, 1, 13, 'want to read'),
(78, 1, 40, 'want to read'),
(80, 1, 103, 'want to read'),
(81, 1, 106, 'want to read'),
(82, 1, 109, 'want to read'),
(83, 1, 148, 'want to read'),
(84, 1, 151, 'want to read'),
(85, 1, 154, 'want to read'),
(86, 1, 226, 'want to read'),
(87, 1, 307, 'want to read'),
(88, 4, 22, 'want to read'),
(89, 4, 23, 'want to read'),
(91, 4, 86, 'want to read'),
(92, 4, 91, 'want to read'),
(93, 4, 94, 'want to read'),
(95, 4, 188, 'want to read'),
(96, 4, 268, 'want to read'),
(97, 4, 295, 'want to read'),
(98, 4, 298, 'want to read'),
(99, 4, 67, 'want to read'),
(100, 5, 10, 'want to read'),
(101, 5, 11, 'want to read'),
(102, 5, 16, 'want to read'),
(103, 5, 17, 'want to read'),
(104, 5, 19, 'want to read'),
(105, 5, 20, 'want to read'),
(106, 5, 43, 'want to read'),
(107, 5, 44, 'want to read'),
(108, 5, 76, 'want to read'),
(109, 5, 77, 'want to read'),
(110, 5, 145, 'want to read'),
(111, 5, 196, 'want to read'),
(112, 5, 236, 'want to read'),
(113, 6, 55, 'want to read'),
(114, 6, 58, 'want to read'),
(115, 6, 59, 'want to read'),
(116, 6, 73, 'want to read'),
(117, 6, 127, 'want to read'),
(118, 6, 128, 'want to read'),
(119, 6, 175, 'want to read'),
(120, 6, 244, 'want to read'),
(121, 6, 247, 'want to read'),
(122, 6, 248, 'want to read'),
(123, 6, 250, 'want to read'),
(124, 6, 253, 'want to read'),
(128, 1, 25, 'want to read'),
(134, 11, 155, 'want to read'),
(137, 1, 61, 'reading'),
(138, 12, 61, 'want to read'),
(140, 12, 62, 'want to read'),
(141, 12, 65, 'want to read'),
(163, 11, 269, 'want to read'),
(165, 6, 129, 'want to read');

-- --------------------------------------------------------

--
-- Estructura de tabla para la tabla `genres`
--

CREATE TABLE `genres` (
  `id` int(11) NOT NULL,
  `name` varchar(50) NOT NULL
) ENGINE=InnoDB DEFAULT CHARSET=utf8mb4 COLLATE=utf8mb4_general_ci;

--
-- Volcado de datos para la tabla `genres`
--

INSERT INTO `genres` (`id`, `name`) VALUES
(1, 'Ficción'),
(2, 'No Ficción'),
(3, 'Fantasía'),
(4, 'Ciencia Ficción'),
(5, 'Misterio'),
(6, 'Thriller'),
(7, 'Suspense'),
(8, 'Terror'),
(9, 'Romance'),
(10, 'Aventura'),
(11, 'Histórica'),
(12, 'Contemporánea'),
(13, 'Literaria'),
(14, 'Humor'),
(15, 'Sátira'),
(16, 'Distopía'),
(17, 'Utopía'),
(18, 'Ficción Juvenil'),
(19, 'Infantil'),
(20, 'Cuento'),
(21, 'Novela Gráfica'),
(22, 'Cómic'),
(23, 'Poesía'),
(24, 'Drama Teatral'),
(25, 'Alta Fantasía'),
(26, 'Baja Fantasía'),
(27, 'Fantasía Urbana'),
(28, 'Fantasía Oscura'),
(29, 'Realismo Mágico'),
(30, 'Fábulas'),
(31, 'Cuentos de Hadas'),
(32, 'Mitología'),
(33, 'Espada y Brujería'),
(34, 'Ciencia Ficción Dura'),
(35, 'Ciencia Ficción Blanda'),
(36, 'Ópera Espacial'),
(37, 'Cyberpunk'),
(38, 'Steampunk'),
(39, 'Apocalíptica'),
(40, 'Postapocalíptica'),
(41, 'Viajes en el Tiempo'),
(42, 'Extraterrestres'),
(43, 'Ciencia Ficción Militar'),
(44, 'Historia Alternativa'),
(45, 'Detectivesca'),
(46, 'Misterio Ligero'),
(47, 'Noir'),
(48, 'Novela Negra Dura'),
(49, 'Thriller Psicológico'),
(50, 'Thriller Legal'),
(51, 'Thriller Médico'),
(52, 'Thriller Político'),
(53, 'Espionaje'),
(54, 'Tecnothriller'),
(55, 'Crimen Real Ficcionalizado'),
(56, 'Terror Gótico'),
(57, 'Terror Psicológico'),
(58, 'Terror Sobrenatural'),
(59, 'Slasher'),
(60, 'Terror de Monstruos'),
(61, 'Terror Corporal'),
(62, 'Terror Cósmico'),
(63, 'Terror Lovecraftiano'),
(64, 'Romance Contemporáneo'),
(65, 'Romance Histórico'),
(66, 'Romance Paranormal'),
(67, 'Romance Erótico'),
(68, 'Romance Juvenil'),
(69, 'Chic Lit'),
(70, 'Romance con Suspenso'),
(71, 'Ficción Prehistórica'),
(72, 'Ficción del Mundo Antiguo'),
(73, 'Ficción Medieval'),
(74, 'Ficción Renacentista'),
(75, 'Ficción Victoriana'),
(76, 'Novela del Oeste'),
(77, 'Ficción Bélica'),
(78, 'Biografía'),
(79, 'Autobiografía'),
(80, 'Memorias'),
(81, 'Historia General'),
(82, 'Ciencia'),
(83, 'Matemáticas'),
(84, 'Tecnología'),
(85, 'Filosofía'),
(86, 'Psicología'),
(87, 'Sociología'),
(88, 'Política'),
(89, 'Economía'),
(90, 'Negocios'),
(91, 'Finanzas'),
(92, 'Autoayuda'),
(93, 'Desarrollo Personal'),
(94, 'Salud'),
(95, 'Bienestar'),
(96, 'Cocina'),
(97, 'Gastronomía'),
(98, 'Libros de Viajes'),
(99, 'Arte'),
(100, 'Fotografía'),
(101, 'Música'),
(102, 'Cine'),
(103, 'Ensayo'),
(104, 'Crítica Literaria'),
(105, 'Guías'),
(106, 'Manuales'),
(107, 'Textos Académicos'),
(108, 'Divulgación Científica'),
(109, 'Periodismo de Investigación'),
(110, 'Crónica'),
(111, 'Religión'),
(112, 'Espiritualidad'),
(113, 'Naturaleza'),
(114, 'Medio Ambiente'),
(115, 'Deportes'),
(116, 'Humor No Ficticio'),
(117, 'Crimen Real'),
(118, 'Crianza'),
(119, 'Familia'),
(120, 'Educación'),
(121, 'Libro Ilustrado'),
(122, 'Primeros Lectores'),
(123, 'Libros por Capítulos'),
(124, 'Narrativa Infantil Intermedia'),
(125, 'Antología'),
(126, 'Colección de Cuentos Cortos'),
(127, 'Librojuego');

-- --------------------------------------------------------

--
-- Estructura de tabla para la tabla `posts`
--

CREATE TABLE `posts` (
  `id` int(11) NOT NULL,
  `title` varchar(255) NOT NULL,
  `content` text NOT NULL,
  `date` datetime NOT NULL,
  `post_img` varchar(255) NOT NULL,
  `id_author` int(11) NOT NULL
) ENGINE=InnoDB DEFAULT CHARSET=utf8mb4 COLLATE=utf8mb4_general_ci;

--
-- Volcado de datos para la tabla `posts`
--

INSERT INTO `posts` (`id`, `title`, `content`, `date`, `post_img`, `id_author`) VALUES
(1, 'El arte de la construcción de mundos por Sanderson', 'Un análisis profundo sobre cómo Brandon Sanderson crea sus universos complejos y detallados.', '2024-01-15 10:22:14', 'assets\\img\\default_post.jpg', 7),
(2, 'Los sistemas de magia en el Cosmere', 'Explorando la alomancia, la feruquimia y otras formas de magia en las obras de Sanderson.', '2024-01-28 18:05:30', 'assets\\img\\default_post.jpg', 7),
(3, 'Reseña: El Archivo de las Tormentas', 'Una mirada a la épica saga de Sanderson y por qué es tan aclamada.', '2024-02-10 09:15:55', 'assets\\img\\default_post.jpg', 7),
(4, 'Sanderson y su ritmo de escritura prolífico', '¿Cómo logra Brandon Sanderson mantener una producción literaria tan constante y de alta calidad?', '2024-02-25 14:40:11', 'assets\\img\\default_post.jpg', 7),
(5, 'Personajes memorables de Brandon Sanderson', 'Un homenaje a los héroes y villanos que pueblan sus novelas.', '2024-03-08 21:12:03', 'assets\\img\\default_post.jpg', 7),
(6, 'La influencia de Tolkien en Sanderson', 'Rastreando las huellas del maestro de la fantasía en la obra de Sanderson.', '2024-03-22 11:55:48', 'assets\\img\\default_post.jpg', 7),
(7, 'Mistborn: Más allá de la trilogía original', 'Explorando las eras de Mistborn y su evolución.', '2024-04-05 16:20:00', 'assets\\img\\default_post.jpg', 7),
(8, 'El futuro del Cosmere: Teorías y expectativas', 'Qué podemos esperar de las próximas entregas del universo interconectado de Sanderson.', '2024-04-19 08:30:15', 'assets\\img\\default_post.jpg', 7),
(9, 'Sanderson para principiantes: ¿Por dónde empezar?', 'Una guía para aquellos que quieren adentrarse en el mundo de Brandon Sanderson.', '2024-05-03 19:00:50', 'assets\\img\\default_post.jpg', 7),
(10, 'Las clases de escritura de Brandon Sanderson', 'Lecciones valiosas del autor sobre el arte de narrar historias.', '2024-05-17 12:10:25', 'assets\\img\\default_post.jpg', 7),
(11, 'La mitología reimaginada por Neil Gaiman', 'Cómo Gaiman toma mitos antiguos y los transforma en historias contemporáneas.', '2024-05-30 15:33:00', 'assets\\img\\default_post.jpg', 8),
(12, 'Sandman: Un hito en la novela gráfica', 'Analizando el impacto y la profundidad de la obra maestra de Gaiman.', '2024-06-12 09:45:10', 'assets\\img\\default_post.jpg', 8),
(13, 'El estilo narrativo único de Gaiman', 'Características de la prosa poética y oscura de Neil Gaiman.', '2024-06-26 17:28:42', 'assets\\img\\default_post.jpg', 8),
(14, 'American Gods: Fe y modernidad', 'Una reflexión sobre la novela y su adaptación televisiva.', '2024-07-09 10:05:18', 'assets\\img\\default_post.jpg', 8),
(15, 'Coraline y los miedos infantiles', 'Explorando los temas oscuros y la valentía en la obra juvenil de Gaiman.', '2024-07-24 20:50:35', 'assets\\img\\default_post.jpg', 8),
(16, 'Gaiman y su relación con los cuentos de hadas', 'Cómo los cuentos clásicos inspiran y se reflejan en sus narraciones.', '2024-08-07 13:18:09', 'assets\\img\\default_post.jpg', 8),
(17, 'Stardust: Un romance de fantasía', 'Una mirada a la belleza y la magia de esta historia de amor y aventura.', '2024-08-21 22:00:00', 'assets\\img\\default_post.jpg', 8),
(18, 'La versatilidad de Neil Gaiman: De cómics a novelas', 'Explorando los diferentes formatos en los que Gaiman ha contado historias.', '2024-09-04 07:40:22', 'assets\\img\\default_post.jpg', 8),
(19, 'Good Omens: Humor y apocalipsis', 'La colaboración entre Gaiman y Pratchett y su genial resultado.', '2024-09-18 18:15:57', 'assets\\img\\default_post.jpg', 8),
(20, 'Los discursos inspiradores de Neil Gaiman', 'Sabiduría y motivación en las palabras del autor a nuevos creadores.', '2024-10-02 11:30:05', 'assets\\img\\default_post.jpg', 8),
(21, 'El realismo mágico en la obra de Isabel Allende', 'Cómo Allende teje lo fantástico con la realidad latinoamericana.', '2024-10-15 14:05:33', 'assets\\img\\default_post.jpg', 9),
(22, 'La Casa de los Espíritus: Un clásico moderno', 'Analizando la saga familiar y el contexto histórico de esta novela fundamental.', '2024-10-29 08:55:21', 'assets\\img\\default_post.jpg', 9),
(23, 'Mujeres fuertes en las novelas de Allende', 'Un tributo a los personajes femeninos resilientes y poderosos creados por la autora.', '2024-11-11 19:40:00', 'assets\\img\\default_post.jpg', 9),
(24, 'Isabel Allende y la memoria histórica', 'La importancia del recuerdo y la historia en su narrativa.', '2024-11-25 10:10:45', 'assets\\img\\default_post.jpg', 9),
(25, 'Paula: Una carta de amor y duelo', 'Reflexionando sobre la obra más personal y conmovedora de Allende.', '2024-12-08 22:30:19', 'assets\\img\\default_post.jpg', 9),
(26, 'El exilio y la identidad en Isabel Allende', 'Cómo la experiencia del exilio ha moldeado su perspectiva y su escritura.', '2024-12-22 12:00:50', 'assets\\img\\default_post.jpg', 9),
(27, 'De amor y de sombra: Pasión y política', 'Explorando la intersección del romance y la lucha social en esta novela.', '2025-01-06 17:45:30', 'assets\\img\\default_post.jpg', 9),
(28, 'La evolución de Isabel Allende como escritora', 'Desde sus primeras obras hasta sus novelas más recientes.', '2025-01-20 09:25:00', 'assets\\img\\default_post.jpg', 9),
(29, 'Isabel Allende y su compromiso social', 'La voz de la autora en temas de justicia, feminismo y derechos humanos.', '2025-02-03 16:55:11', 'assets\\img\\default_post.jpg', 9),
(30, 'Cuentos de Eva Luna: La magia de narrar', 'Una mirada a la colección de cuentos que encapsula el estilo de Allende.', '2025-02-17 11:11:22', 'assets\\img\\default_post.jpg', 9),
(31, 'El surrealismo cotidiano de Haruki Murakami', 'Explorando cómo lo extraño se entrelaza con la vida diaria en sus novelas.', '2025-03-01 20:08:14', 'assets\\img\\default_post.jpg', 10),
(32, 'Tokio Blues (Norwegian Wood): Nostalgia y pérdida', 'Un análisis de la obra que catapultó a Murakami a la fama internacional.', '2025-03-14 07:35:59', 'assets\\img\\default_post.jpg', 10),
(33, 'La música como personaje en Murakami', 'La importancia del jazz, el rock y la música clásica en sus narrativas.', '2025-03-27 14:50:20', 'assets\\img\\default_post.jpg', 10),
(34, 'Kafka en la orilla: Un viaje onírico', 'Descifrando los misterios y simbolismos de esta compleja novela.', '2025-04-09 23:15:00', 'assets\\img\\default_post.jpg', 10),
(35, 'Los gatos en la obra de Murakami: ¿Qué significan?', 'Un elemento recurrente y enigmático en sus historias.', '2025-04-22 10:00:30', 'assets\\img\\default_post.jpg', 10),
(36, 'La soledad y la alienación en el Japón moderno según Murakami', 'Temas centrales que resuenan en sus personajes y tramas.', '2025-05-05 15:22:45', 'assets\\img\\default_post.jpg', 10),
(37, '1Q84: Mundos paralelos y realidades alternativas', 'Una inmersión en la ambiciosa trilogía de Murakami.', '2025-05-18 09:09:09', 'assets\\img\\default_post.jpg', 10),
(38, 'El estilo minimalista y evocador de Murakami', 'Cómo Murakami crea atmósferas únicas con una prosa aparentemente sencilla.', '2025-05-31 19:30:17', 'assets\\img\\default_post.jpg', 10),
(39, 'Murakami y la cultura pop occidental', 'Referencias a la literatura, cine y música de occidente en sus obras.', '2025-06-13 12:40:55', 'assets\\img\\default_post.jpg', 10),
(40, 'Correr y escribir: La disciplina según Murakami', 'Reflexiones del autor sobre la conexión entre la actividad física y la creatividad.', '2025-06-26 21:05:00', 'assets\\img\\default_post.jpg', 10),
(41, 'La voz poderosa de Chimamanda Ngozi Adichie', 'Explorando el impacto de Adichie en la literatura contemporánea y el feminismo.', '2025-07-08 08:10:12', 'assets\\img\\default_post.jpg', 11),
(42, 'Americanah: Identidad, raza y migración', 'Un análisis profundo de la aclamada novela de Adichie.', '2025-07-21 16:35:40', 'assets\\img\\default_post.jpg', 11),
(43, 'El peligro de la historia única', 'Reflexionando sobre la influyente charla TED de Adichie y su relevancia.', '2025-08-03 11:55:00', 'assets\\img\\default_post.jpg', 11),
(45, 'Medio sol amarillo: Guerra y memoria en Nigeria', 'Una mirada a la novela histórica de Adichie sobre la guerra de Biafra.', '2025-08-29 09:00:15', 'assets\\img\\default_post.jpg', 11),
(46, 'La importancia de la representación en la literatura según Adichie', 'Por qué es crucial que diversas voces y experiencias sean contadas.', '2025-09-11 14:48:30', 'assets\\img\\default_post.jpg', 11),
(47, 'El estilo narrativo de Adichie: Claridad y emoción', 'Características de su prosa directa y conmovedora.', '2025-09-24 22:10:05', 'assets\\img\\default_post.jpg', 11),
(48, 'Adichie y la diáspora africana', 'Explorando temas de pertenencia, hogar y la experiencia de vivir entre culturas.', '2025-10-07 10:25:50', 'assets\\img\\default_post.jpg', 11),
(49, 'Querida Ijeawele: Un manifiesto feminista en quince sugerencias', 'Analizando las lecciones prácticas de Adichie para criar a una hija feminista.', '2025-10-20 17:00:00', 'assets\\img\\default_post.jpg', 11),
(50, 'El legado de Chinua Achebe en la obra de Adichie', 'Rastreando la influencia del padre de la literatura africana moderna.', '2025-11-02 13:33:19', 'assets\\img\\default_post.jpg', 11);

-- --------------------------------------------------------

--
-- Estructura de tabla para la tabla `roles`
--

CREATE TABLE `roles` (
  `id` int(11) NOT NULL,
  `name` varchar(50) NOT NULL
) ENGINE=InnoDB DEFAULT CHARSET=utf8mb4 COLLATE=utf8mb4_general_ci;

--
-- Volcado de datos para la tabla `roles`
--

INSERT INTO `roles` (`id`, `name`) VALUES
(1, 'author'),
(2, 'reader'),
(3, 'admin');

-- --------------------------------------------------------

--
-- Estructura de tabla para la tabla `users`
--

CREATE TABLE `users` (
  `id` int(11) NOT NULL,
  `name` varchar(50) NOT NULL,
  `email` varchar(50) NOT NULL,
  `password` varchar(255) NOT NULL,
  `biography` varchar(255) DEFAULT NULL,
  `profile_img` varchar(255) DEFAULT NULL,
  `id_role` int(11) NOT NULL
) ENGINE=InnoDB DEFAULT CHARSET=utf8mb4 COLLATE=utf8mb4_general_ci;

--
-- Volcado de datos para la tabla `users`
--

INSERT INTO `users` (`id`, `name`, `email`, `password`, `biography`, `profile_img`, `id_role`) VALUES
(1, 'admin', 'admin@admin.es', '$2y$04$rxnEjfj8odJLKGWe656pSePLtSEM4D/zEE2MOA71wLwG3Ps7GPvnK', 'Lorem Ipsum is simply dummy text of the printing and typesetting industry. Lorem Ipsum has been the industry\'s standard dummy text ever since the 1500s, when an unknown printer took a galley of type and scrambled it to make a type specimen book. It has su', 'uploads/images/SFS11829.png', 3),
(2, 'Mariana Ríos', 'mariana.rios89@example.com', '$2y$04$X1r7UfktKknrsFm3jeowFuiL8hA7BHOyQnbQY3xi/dWd2B8pwbygi', '', 'uploads/images/autor.jpeg', 2),
(3, 'Tomás Herrera', 'tomas.herrera21@example.com', '$2y$04$3pEiu9ezmSRqmhlsOWH8Ne7qN.sgxCOFdImT5wb.UTCL9T9w4YGFq', '', 'uploads/images/default.jpg', 2),
(4, 'Laura Méndez', 'laura.mendez74@example.com', '$2y$04$tBO3cUWpT6c/qHTafuSMl.7Ve8/Ompih0hW/N9lHojJRH9iEMGwou', '', 'uploads/images/default.jpg', 2),
(5, 'Jorge Castillo', 'jorge.castillo56@example.com', '$2y$04$rA9Ox1qukqWLOPgJy/TeF.7dehdUssskP5vkQ.M0Ke.J3UhZOXTRW', '', 'uploads/images/default.jpg', 2),
(6, 'Camila Vargas', 'lector@example.com', '$2y$04$/QH8IzBWWrGnjNN0CvjWF.yUqj.z35RoSKqE9sZQFr9jQYEvQRAIi', '', 'uploads/images/default.jpg', 2),
(7, 'Brandon Sanderson', 'brandon.sanderson@example.com', '$2y$04$lxdEb8rco3Xh4zsKiFenduZSEE8Ke6kja/Ejw1aDBlLmWtxdfBJOe', '', 'uploads/images/default.jpg', 1),
(8, 'Neil Gaiman', 'neil.gaiman@example.com', '$2y$04$LoRBFfIf1Rq4boZ7bN2TsOXnQLg/u8i7wZvy.CRKCTIHDuU6j9zAK', '', 'uploads/images/default.jpg', 1),
(9, 'Isabel Allende', 'isabel.allende@example.com', '$2y$04$cjX5YGJmFojBlan.dU3VqeJr8FYRaV.t97VvgI2vcwgry7U7yS5T6', '', 'uploads/images/default.jpg', 1),
(10, 'Haruki Murakami', 'haruki.murakami@example.com', '$2y$04$BGrja0AnKLKcdCCoYL67LeozwMEBfmeQIxUIydx9QoL.wAJmEp5iW', '', 'uploads/images/default.jpg', 1),
(11, 'Chimamanda Ngozi Adichie', 'autor@example.com', '$2y$04$DdiM84YeAZcK04RsUlRPeOwFYt5gIuvbz48ne1rCp5KRIXHywbIVm', '', 'uploads/images/default.jpg', 1),
(12, 'Eva Alonso', 'evaalonso888@gmail.com', '$2y$04$zEpVS3aIdm9sa6V3TpcN1eaX5PAHc3RcogMd3eJTPDWhhG1dbQzyu', '', 'uploads/images/default.jpg', 2),
(15, 'Prueba', 'correoPrueba@example.com', '$2y$04$hr0T40L9lvpGVIw6rbqzKu2nh8o2A6MdbGM/T7d/aGc.PvhM4apIO', '', 'uploads/images/default.jpg', 2),
(16, 'Prueba-477f0006-acae-41fa-9c9a-87f47c7846fc', 'correoPrueba477f0006-acae-41fa-9c9a-87f47c7846fc@e', '$2y$04$bIZaWDRfLrKsY.DgJ.BJv..UG8c/rGnhEefJ5uLyHZI6D5qhkWGdW', '', 'uploads/images/default.jpg', 2),
(17, 'Prueba-18bddc84-6a70-478e-99d7-dfba5b2ff690', 'correoPrueba18bddc84-6a70-478e-99d7-dfba5b2ff690@e', '$2y$04$oU0fwMaeiMYCuQMXCScvY.kVpWLzKpd0PnUwE..d6N25lMN5c0MK2', '', 'uploads/images/default.jpg', 2),
(18, 'Prueba-9c65545a-ece5-4c0e-a00b-9ab002281158', 'correoPrueba9c65545a-ece5-4c0e-a00b-9ab002281158@e', '$2y$04$Y2VTe6FptbjYn2zb/0ExROo7UVOdmdI4DU8e9F7XNhQDi0Rr370ri', '', 'uploads/images/default.jpg', 2),
(19, 'Prueba-253ec632-1d0b-4536-8fa8-fe1d00900606', 'correoPrueba253ec632-1d0b-4536-8fa8-fe1d00900606@e', '$2y$04$xIvsYaeK9WOwY3lt2o8VJ.aicITOjvAwlUimP5Rygb3.DciKXO.nm', '', 'uploads/images/default.jpg', 2),
(20, 'Prueba-70962795-ed48-4e38-a6a0-7dbf9f79ce55', 'correoPrueba70962795-ed48-4e38-a6a0-7dbf9f79ce55@e', '$2y$04$.bVyTStPBvXJ0qJVCP8Lfe/9RaMd4bbzWdcXOKTY6I.871exC5OjW', '', 'uploads/images/default.jpg', 2);

--
-- Índices para tablas volcadas
--

--
-- Indices de la tabla `authors`
--
ALTER TABLE `authors`
  ADD PRIMARY KEY (`id`),
  ADD KEY `users_id_user_authors` (`id_user`);

--
-- Indices de la tabla `books`
--
ALTER TABLE `books`
  ADD PRIMARY KEY (`id`);

--
-- Indices de la tabla `books_genres`
--
ALTER TABLE `books_genres`
  ADD PRIMARY KEY (`id`),
  ADD KEY `books_id_book_books_genres` (`id_book`),
  ADD KEY `genres_id_genre_books_genres` (`id_genre`);

--
-- Indices de la tabla `books_published`
--
ALTER TABLE `books_published`
  ADD PRIMARY KEY (`id`),
  ADD KEY `books_id_book_books_published` (`id_book`),
  ADD KEY `authors_id_author_published_books` (`id_author`);

--
-- Indices de la tabla `books_users_saved`
--
ALTER TABLE `books_users_saved`
  ADD PRIMARY KEY (`id`),
  ADD KEY `books_id_book_books_users_saved` (`id_book`),
  ADD KEY `users_id_user_books_users_saved` (`id_user`);

--
-- Indices de la tabla `genres`
--
ALTER TABLE `genres`
  ADD PRIMARY KEY (`id`);

--
-- Indices de la tabla `posts`
--
ALTER TABLE `posts`
  ADD PRIMARY KEY (`id`),
  ADD KEY `users_id_users_post` (`id_author`);

--
-- Indices de la tabla `roles`
--
ALTER TABLE `roles`
  ADD PRIMARY KEY (`id`);

--
-- Indices de la tabla `users`
--
ALTER TABLE `users`
  ADD PRIMARY KEY (`id`),
  ADD KEY `roles_id_rol_users` (`id_role`);

--
-- AUTO_INCREMENT de las tablas volcadas
--

--
-- AUTO_INCREMENT de la tabla `authors`
--
ALTER TABLE `authors`
  MODIFY `id` int(11) NOT NULL AUTO_INCREMENT, AUTO_INCREMENT=109;

--
-- AUTO_INCREMENT de la tabla `books`
--
ALTER TABLE `books`
  MODIFY `id` int(11) NOT NULL AUTO_INCREMENT, AUTO_INCREMENT=324;

--
-- AUTO_INCREMENT de la tabla `books_genres`
--
ALTER TABLE `books_genres`
  MODIFY `id` int(11) NOT NULL AUTO_INCREMENT, AUTO_INCREMENT=1533;

--
-- AUTO_INCREMENT de la tabla `books_published`
--
ALTER TABLE `books_published`
  MODIFY `id` int(11) NOT NULL AUTO_INCREMENT, AUTO_INCREMENT=362;

--
-- AUTO_INCREMENT de la tabla `books_users_saved`
--
ALTER TABLE `books_users_saved`
  MODIFY `id` int(11) NOT NULL AUTO_INCREMENT, AUTO_INCREMENT=166;

--
-- AUTO_INCREMENT de la tabla `genres`
--
ALTER TABLE `genres`
  MODIFY `id` int(11) NOT NULL AUTO_INCREMENT, AUTO_INCREMENT=130;

--
-- AUTO_INCREMENT de la tabla `posts`
--
ALTER TABLE `posts`
  MODIFY `id` int(11) NOT NULL AUTO_INCREMENT, AUTO_INCREMENT=51;

--
-- AUTO_INCREMENT de la tabla `roles`
--
ALTER TABLE `roles`
  MODIFY `id` int(11) NOT NULL AUTO_INCREMENT, AUTO_INCREMENT=4;

--
-- AUTO_INCREMENT de la tabla `users`
--
ALTER TABLE `users`
  MODIFY `id` int(11) NOT NULL AUTO_INCREMENT, AUTO_INCREMENT=23;

--
-- Restricciones para tablas volcadas
--

--
-- Filtros para la tabla `authors`
--
ALTER TABLE `authors`
  ADD CONSTRAINT `users_id_user_authors` FOREIGN KEY (`id_user`) REFERENCES `users` (`id`) ON DELETE CASCADE ON UPDATE CASCADE;

--
-- Filtros para la tabla `books_genres`
--
ALTER TABLE `books_genres`
  ADD CONSTRAINT `books_id_book_books_genres` FOREIGN KEY (`id_book`) REFERENCES `books` (`id`) ON DELETE CASCADE ON UPDATE CASCADE,
  ADD CONSTRAINT `genres_id_genre_books_genres` FOREIGN KEY (`id_genre`) REFERENCES `genres` (`id`) ON DELETE CASCADE ON UPDATE CASCADE;

--
-- Filtros para la tabla `books_published`
--
ALTER TABLE `books_published`
  ADD CONSTRAINT `authors_id_author_published_books` FOREIGN KEY (`id_author`) REFERENCES `authors` (`id`) ON DELETE CASCADE ON UPDATE CASCADE,
  ADD CONSTRAINT `books_id_book_books_published` FOREIGN KEY (`id_book`) REFERENCES `books` (`id`) ON DELETE CASCADE ON UPDATE CASCADE;

--
-- Filtros para la tabla `books_users_saved`
--
ALTER TABLE `books_users_saved`
  ADD CONSTRAINT `books_id_book_books_users_saved` FOREIGN KEY (`id_book`) REFERENCES `books` (`id`) ON DELETE CASCADE ON UPDATE CASCADE,
  ADD CONSTRAINT `users_id_user_books_users_saved` FOREIGN KEY (`id_user`) REFERENCES `users` (`id`) ON DELETE CASCADE ON UPDATE CASCADE;

--
-- Filtros para la tabla `posts`
--
ALTER TABLE `posts`
  ADD CONSTRAINT `users_id_users_post` FOREIGN KEY (`id_author`) REFERENCES `users` (`id`);

--
-- Filtros para la tabla `users`
--
ALTER TABLE `users`
  ADD CONSTRAINT `roles_id_rol_users` FOREIGN KEY (`id_role`) REFERENCES `roles` (`id`) ON DELETE CASCADE ON UPDATE CASCADE;
COMMIT;

/*!40101 SET CHARACTER_SET_CLIENT=@OLD_CHARACTER_SET_CLIENT */;
/*!40101 SET CHARACTER_SET_RESULTS=@OLD_CHARACTER_SET_RESULTS */;
/*!40101 SET COLLATION_CONNECTION=@OLD_COLLATION_CONNECTION */;
